"id","name","logo"
602,"AaB","https://cdn5.wyscout.com/photos/team/public/283_120x120.png"
25983,"AaB U17","https://cdn5.wyscout.com/photos/team/public/g25983_120x120.png"
22933,"AaB U19","https://cdn5.wyscout.com/photos/team/public/g22933_120x120.png"
2181,"Aarau","https://cdn5.wyscout.com/photos/team/public/583_120x120.png"
612,"AB","https://cdn5.wyscout.com/photos/team/public/2470_120x120.png"
1690,"Académica","https://cdn5.wyscout.com/photos/team/public/168_120x120.png"
-8976,"Académica U23","https://cdn5.wyscout.com/photos/team/public/g-8976_120x120.png"
1737,"Academico Viseu","https://cdn5.wyscout.com/photos/team/public/g1737_120x120.png"
2348,"Adana Demirspor","https://cdn5.wyscout.com/photos/team/public/4240_120x120.png"
22745,"Adana Demirspor Res.","https://cdn5.wyscout.com/photos/team/public/g22745_120x120.png"
40189,"Adana Demirspor U19","https://cdn5.wyscout.com/photos/team/public/g40189_120x120.png"
40163,"Adana Demirspor U21","https://cdn5.wyscout.com/photos/team/public/g40163_120x120.png"
2229,"Adanaspor","https://cdn5.wyscout.com/photos/team/public/1341_120x120.png"
37122,"Adanaspor U21","https://cdn5.wyscout.com/photos/team/public/g37122_120x120.png"
10848,"Admira","https://cdn5.wyscout.com/photos/team/public/620_120x120.png"
10900,"Admira II","https://cdn5.wyscout.com/photos/team/public/g10900_120x120.png"
-9110,"Admira U19","https://cdn5.wyscout.com/photos/team/public/g-9110_120x120.png"
1514,"ADO Den Haag","https://cdn5.wyscout.com/photos/team/public/850_120x120.png"
1042,"AEK Athens","https://cdn5.wyscout.com/photos/team/public/430_120x120.png"
524,"AEK Larnaca ","https://cdn5.wyscout.com/photos/team/public/1284_120x120.png"
519,"AEL","https://cdn5.wyscout.com/photos/team/public/1285_120x120.png"
4694,"AFC","https://cdn5.wyscout.com/photos/team/public/g4694_120x120.png"
36655,"Afjet Afyonspor","https://cdn5.wyscout.com/photos/team/public/g36655_120x120.png"
605,"AGF","https://cdn5.wyscout.com/photos/team/public/292_120x120.png"
24041,"AGF Res.","https://cdn5.wyscout.com/photos/team/public/g24041_120x120.png"
25986,"AGF U17","https://cdn5.wyscout.com/photos/team/public/g25986_120x120.png"
24562,"AGF U19","https://cdn5.wyscout.com/photos/team/public/g24562_120x120.png"
39592,"Ahrobiznes Volochysk","https://cdn5.wyscout.com/photos/team/public/g39592_120x120.png"
2153,"AIK","https://cdn5.wyscout.com/photos/team/public/641_120x120.png"
10376,"Aimoré","https://cdn5.wyscout.com/photos/team/public/g10376_120x120.png"
1515,"Ajax","https://cdn5.wyscout.com/photos/team/public/139_120x120.png"
3521,"Ajax Cape Town","https://cdn5.wyscout.com/photos/team/public/2866_120x120.png"
4781,"Ajax II","https://cdn5.wyscout.com/photos/team/public/g4781_120x120.png"
20364,"Ajax U19","https://cdn5.wyscout.com/photos/team/public/3664_120x120.png"
39749,"Akademiya Futbola","https://cdn5.wyscout.com/photos/team/public/g39749_120x120.png"
30151,"Akhisar Belediye GS U19","https://cdn5.wyscout.com/photos/team/public/g30151_120x120.png"
30227,"Akhisar Belediye U21","https://cdn5.wyscout.com/photos/team/public/g30227_120x120.png"
11703,"Akhisar Belediyespor","https://cdn5.wyscout.com/photos/team/public/2906_120x120.png"
3509,"Al Ahli","https://cdn5.wyscout.com/photos/team/public/2229_120x120.png"
3846,"Al Ain","https://cdn5.wyscout.com/photos/team/public/2886_120x120.png"
3500,"Al Arabi","https://cdn5.wyscout.com/photos/team/public/1249_120x120.png"
12889,"Al Duhail","https://cdn5.wyscout.com/photos/team/public/2901_120x120.png"
3511,"Al Hilal","https://cdn5.wyscout.com/photos/team/public/1214_120x120.png"
3513,"Al Ittihad","https://cdn5.wyscout.com/photos/team/public/2893_120x120.png"
9967,"Al Khaleej","https://cdn5.wyscout.com/photos/team/public/g9967_120x120.png"
3627,"Al Kuwait","https://cdn5.wyscout.com/photos/team/public/3104_120x120.png"
5489,"Al Nasr","https://cdn5.wyscout.com/photos/team/public/2894_120x120.png"
3514,"Al Nassr","https://cdn5.wyscout.com/photos/team/public/1705_120x120.png"
12608,"Al Orubah","https://cdn5.wyscout.com/photos/team/public/4522_120x120.png"
9936,"Al Raed","https://cdn5.wyscout.com/photos/team/public/2992_120x120.png"
9937,"Al Taawon","https://cdn5.wyscout.com/photos/team/public/2798_120x120.png"
5494,"Al Wahda","https://cdn5.wyscout.com/photos/team/public/2887_120x120.png"
5039,"Alajuelense","https://cdn5.wyscout.com/photos/team/public/665_120x120.png"
7285,"Alanyaspor","https://cdn5.wyscout.com/photos/team/public/g7285_120x120.png"
37596,"Alanyaspor U19","https://cdn5.wyscout.com/photos/team/public/g37596_120x120.png"
37123,"Alanyaspor U21","https://cdn5.wyscout.com/photos/team/public/g37123_120x120.png"
21301,"Alashkert","https://cdn5.wyscout.com/photos/team/public/g21301_120x120.png"
1744,"Alcains","https://cdn5.wyscout.com/photos/team/public/g1744_120x120.png"
4529,"Almere City","https://cdn5.wyscout.com/photos/team/public/857_120x120.png"
24775,"Almere City U23","https://cdn5.wyscout.com/photos/team/public/g24775_120x120.png"
2239,"Altay","https://cdn5.wyscout.com/photos/team/public/1336_120x120.png"
11704,"Altinordu","https://cdn5.wyscout.com/photos/team/public/g11704_120x120.png"
25602,"Altinordu U19","https://cdn5.wyscout.com/photos/team/public/g25602_120x120.png"
1691,"Alverca","https://cdn5.wyscout.com/photos/team/public/g1691_120x120.png"
9161,"Amed SK","https://cdn5.wyscout.com/photos/team/public/g9161_120x120.png"
1458,"América","https://cdn5.wyscout.com/photos/team/public/462_120x120.png"
10902,"Amstetten","https://cdn5.wyscout.com/photos/team/public/g10902_120x120.png"
11702,"Anadolu Selçukspor","https://cdn5.wyscout.com/photos/team/public/3172_120x120.png"
215,"Anderlecht","https://cdn5.wyscout.com/photos/team/public/481_120x120.png"
25964,"Anderlecht Res.","https://cdn5.wyscout.com/photos/team/public/g25964_120x120.png"
21613,"Anderlecht U19","https://cdn5.wyscout.com/photos/team/public/3666_120x120.png"
7741,"Andijan","https://cdn5.wyscout.com/photos/team/public/4222_120x120.png"
3949,"Angusht","https://cdn5.wyscout.com/photos/team/public/g3949_120x120.png"
2218,"Ankaragücü","https://cdn5.wyscout.com/photos/team/public/822_120x120.png"
25615,"Ankaragücü U19","https://cdn5.wyscout.com/photos/team/public/g25615_120x120.png"
40165,"Ankaragücü U21","https://cdn5.wyscout.com/photos/team/public/g40165_120x120.png"
2236,"Antalyaspor","https://cdn5.wyscout.com/photos/team/public/1189_120x120.png"
25614,"Antalyaspor U19","https://cdn5.wyscout.com/photos/team/public/g25614_120x120.png"
34611,"Antalyaspor U21","https://cdn5.wyscout.com/photos/team/public/g34611_120x120.png"
233,"Antwerp","https://cdn5.wyscout.com/photos/team/public/1071_120x120.png"
39686,"Antwerp Res.","https://cdn5.wyscout.com/photos/team/public/g39686_120x120.png"
1868,"Anzhi","https://cdn5.wyscout.com/photos/team/public/1035_120x120.png"
29489,"Anzhi II","https://cdn5.wyscout.com/photos/team/public/g29489_120x120.png"
23186,"Anzhi U21","https://cdn5.wyscout.com/photos/team/public/g23186_120x120.png"
516,"APOEL","https://cdn5.wyscout.com/photos/team/public/1197_120x120.png"
518,"Apollon","https://cdn5.wyscout.com/photos/team/public/1286_120x120.png"
3037,"Apollon Larisas","https://cdn5.wyscout.com/photos/team/public/g3037_120x120.png"
1063,"Apollon Smirnis","https://cdn5.wyscout.com/photos/team/public/g1063_120x120.png"
25354,"Apollon Smirnis U20","https://cdn5.wyscout.com/photos/team/public/g25354_120x120.png"
39594,"Ararat-Armenia","https://cdn5.wyscout.com/photos/team/public/g39594_120x120.png"
39058,"Ararat Moskva","https://cdn5.wyscout.com/photos/team/public/g39058_120x120.png"
1051,"Aris","https://cdn5.wyscout.com/photos/team/public/432_120x120.png"
22964,"Aris U20","https://cdn5.wyscout.com/photos/team/public/g22964_120x120.png"
13207,"Armavir","https://cdn5.wyscout.com/photos/team/public/3776_120x120.png"
976,"Arminia Bielefeld","https://cdn5.wyscout.com/photos/team/public/13_120x120.png"
11611,"Arouca","https://cdn5.wyscout.com/photos/team/public/2598_120x120.png"
2259,"Arsenal Kyiv","https://cdn5.wyscout.com/photos/team/public/1043_120x120.png"
23013,"Arsenal Kyiv U19","https://cdn5.wyscout.com/photos/team/public/g23013_120x120.png"
23114,"Arsenal Kyiv U21","https://cdn5.wyscout.com/photos/team/public/g23114_120x120.png"
1863,"Arsenal Tula","https://cdn5.wyscout.com/photos/team/public/g1863_120x120.png"
29461,"Arsenal Tula II","https://cdn5.wyscout.com/photos/team/public/g29461_120x120.png"
29467,"Arsenal Tula U21","https://cdn5.wyscout.com/photos/team/public/g29467_120x120.png"
1271,"Ascoli","https://cdn5.wyscout.com/photos/team/public/191_120x120.png"
5693,"Asteras Tripolis","https://cdn5.wyscout.com/photos/team/public/433_120x120.png"
665,"Aston Villa","https://cdn5.wyscout.com/photos/team/public/32_120x120.png"
2805,"Astra","https://cdn5.wyscout.com/photos/team/public/1940_120x120.png"
2019,"Athletic Club","https://cdn5.wyscout.com/photos/team/public/60_120x120.png"
317,"Atlético Mineiro","https://cdn5.wyscout.com/photos/team/public/252_120x120.png"
1067,"Atromitos","https://cdn5.wyscout.com/photos/team/public/1549_120x120.png"
15756,"Austria Klagenfurt","https://cdn5.wyscout.com/photos/team/public/g15756_120x120.png"
168,"Austria Lustenau","https://cdn5.wyscout.com/photos/team/public/611_120x120.png"
158,"Austria Wien","https://cdn5.wyscout.com/photos/team/public/422_120x120.png"
4515,"Austria Wien II","https://cdn5.wyscout.com/photos/team/public/g4515_120x120.png"
3747,"Avangard Kursk","https://cdn5.wyscout.com/photos/team/public/2639_120x120.png"
19211,"Avanhard","https://cdn5.wyscout.com/photos/team/public/g19211_120x120.png"
1516,"AZ","https://cdn5.wyscout.com/photos/team/public/151_120x120.png"
7253,"AZ II","https://cdn5.wyscout.com/photos/team/public/g7253_120x120.png"
22986,"AZ U19","https://cdn5.wyscout.com/photos/team/public/g22986_120x120.png"
620,"B 93","https://cdn5.wyscout.com/photos/team/public/g620_120x120.png"
11985,"Balikesirspor","https://cdn5.wyscout.com/photos/team/public/g11985_120x120.png"
30153,"Balikesirspor U19","https://cdn5.wyscout.com/photos/team/public/g30153_120x120.png"
30229,"Balikesirspor U21","https://cdn5.wyscout.com/photos/team/public/g30229_120x120.png"
33979,"Balkany Zorya","https://cdn5.wyscout.com/photos/team/public/g33979_120x120.png"
1875,"Baltika","https://cdn5.wyscout.com/photos/team/public/1653_120x120.png"
11986,"Bandirmaspor","https://cdn5.wyscout.com/photos/team/public/g11986_120x120.png"
10330,"Bangu","https://cdn5.wyscout.com/photos/team/public/1734_120x120.png"
654,"Barcelona","https://cdn5.wyscout.com/photos/team/public/879_120x120.png"
4725,"Barendrecht","https://cdn5.wyscout.com/photos/team/public/g4725_120x120.png"
2174,"Basel","https://cdn5.wyscout.com/photos/team/public/475_120x120.png"
8756,"Basel II","https://cdn5.wyscout.com/photos/team/public/g8756_120x120.png"
897,"Bastia","https://cdn5.wyscout.com/photos/team/public/566_120x120.png"
22768,"Bayburt IÖI","https://cdn5.wyscout.com/photos/team/public/g22768_120x120.png"
19670,"BB Erzurumspor","https://cdn5.wyscout.com/photos/team/public/g19670_120x120.png"
37622,"BB Erzurumspor U19","https://cdn5.wyscout.com/photos/team/public/g37622_120x120.png"
40166,"BB Erzurumspor U21","https://cdn5.wyscout.com/photos/team/public/g40166_120x120.png"
11723,"Beerschot-Wilrijk","https://cdn5.wyscout.com/photos/team/public/g11723_120x120.png"
1692,"Belenenses","https://cdn5.wyscout.com/photos/team/public/163_120x120.png"
-8977,"Belenenses U23","https://cdn5.wyscout.com/photos/team/public/g-8977_120x120.png"
1679,"Benfica","https://cdn5.wyscout.com/photos/team/public/158_120x120.png"
2891,"Benfica II","https://cdn5.wyscout.com/photos/team/public/g2891_120x120.png"
22987,"Benfica U19","https://cdn5.wyscout.com/photos/team/public/3182_120x120.png"
2214,"Besiktas","https://cdn5.wyscout.com/photos/team/public/471_120x120.png"
20612,"Besiktas Res.","https://cdn5.wyscout.com/photos/team/public/g20612_120x120.png"
25604,"Besiktas U19","https://cdn5.wyscout.com/photos/team/public/g25604_120x120.png"
30231,"Besiktas U21","https://cdn5.wyscout.com/photos/team/public/g30231_120x120.png"
15173,"Biolog","https://cdn5.wyscout.com/photos/team/public/g15173_120x120.png"
2426,"Blau-Weiß Linz","https://cdn5.wyscout.com/photos/team/public/3026_120x120.png"
1685,"Boavista","https://cdn5.wyscout.com/photos/team/public/166_120x120.png"
23005,"Boavista U19","https://cdn5.wyscout.com/photos/team/public/g23005_120x120.png"
965,"Bochum","https://cdn5.wyscout.com/photos/team/public/97_120x120.png"
34119,"Bodrumspor","https://cdn5.wyscout.com/photos/team/public/g34119_120x120.png"
5526,"Bohemians Praha","https://cdn5.wyscout.com/photos/team/public/1289_120x120.png"
8604,"Boluspor","https://cdn5.wyscout.com/photos/team/public/1346_120x120.png"
40167,"Boluspor U21","https://cdn5.wyscout.com/photos/team/public/g40167_120x120.png"
891,"Bordeaux","https://cdn5.wyscout.com/photos/team/public/18_120x120.png"
2559,"Boulogne","https://cdn5.wyscout.com/photos/team/public/571_120x120.png"
-7217,"Brentford B","https://cdn5.wyscout.com/photos/team/public/g-7217_120x120.png"
601,"Brøndby","https://cdn5.wyscout.com/photos/team/public/291_120x120.png"
25987,"Brøndby U17","https://cdn5.wyscout.com/photos/team/public/g25987_120x120.png"
22937,"Brøndby U19","https://cdn5.wyscout.com/photos/team/public/g22937_120x120.png"
622,"Brønshøj","https://cdn5.wyscout.com/photos/team/public/2663_120x120.png"
9001,"Bukovyna","https://cdn5.wyscout.com/photos/team/public/4052_120x120.png"
2227,"Bursaspor","https://cdn5.wyscout.com/photos/team/public/827_120x120.png"
20625,"Bursaspor Res.","https://cdn5.wyscout.com/photos/team/public/g20625_120x120.png"
-2719,"Bursaspor U17","https://cdn5.wyscout.com/photos/team/public/g-2719_120x120.png"
25607,"Bursaspor U19","https://cdn5.wyscout.com/photos/team/public/4373_120x120.png"
30233,"Bursaspor U21","https://cdn5.wyscout.com/photos/team/public/g30233_120x120.png"
2041,"Cádiz","https://cdn5.wyscout.com/photos/team/public/1930_120x120.png"
1547,"Cambuur","https://cdn5.wyscout.com/photos/team/public/861_120x120.png"
34547,"Cambuur Res.","https://cdn5.wyscout.com/photos/team/public/g34547_120x120.png"
8144,"Cape Town","https://cdn5.wyscout.com/photos/team/public/2875_120x120.png"
4653,"Capelle","https://cdn5.wyscout.com/photos/team/public/g4653_120x120.png"
333,"Ceará","https://cdn5.wyscout.com/photos/team/public/493_120x120.png"
2033,"Celta de Vigo","https://cdn5.wyscout.com/photos/team/public/783_120x120.png"
217,"Cercle Brugge","https://cdn5.wyscout.com/photos/team/public/511_120x120.png"
25965,"Cercle Brugge Res.","https://cdn5.wyscout.com/photos/team/public/g25965_120x120.png"
1704,"Chaves","https://cdn5.wyscout.com/photos/team/public/1978_120x120.png"
-8895,"Chaves II","https://cdn5.wyscout.com/photos/team/public/g-8895_120x120.png"
29991,"Chayka","https://cdn5.wyscout.com/photos/team/public/g29991_120x120.png"
36850,"Chayka Peschanokopskoye","https://cdn5.wyscout.com/photos/team/public/g36850_120x120.png"
4015,"Chelyabinsk","https://cdn5.wyscout.com/photos/team/public/g4015_120x120.png"
19207,"Cherkashchyna-Akademiya","https://cdn5.wyscout.com/photos/team/public/g19207_120x120.png"
1871,"Chernomorets","https://cdn5.wyscout.com/photos/team/public/1655_120x120.png"
15161,"Chertanovo","https://cdn5.wyscout.com/photos/team/public/g15161_120x120.png"
-8820,"Chertanovo II","https://cdn5.wyscout.com/photos/team/public/g-8820_120x120.png"
2185,"Chiasso","https://cdn5.wyscout.com/photos/team/public/3811_120x120.png"
2273,"Chicago Fire","https://cdn5.wyscout.com/photos/team/public/687_120x120.png"
6628,"Chita","https://cdn5.wyscout.com/photos/team/public/1736_120x120.png"
2257,"Chornomorets","https://cdn5.wyscout.com/photos/team/public/1039_120x120.png"
23017,"Chornomorets U19","https://cdn5.wyscout.com/photos/team/public/g23017_120x120.png"
23111,"Chornomorets U21","https://cdn5.wyscout.com/photos/team/public/g23111_120x120.png"
35679,"Cincinnati","https://cdn5.wyscout.com/photos/team/public/g35679_120x120.png"
219,"Club Brugge","https://cdn5.wyscout.com/photos/team/public/510_120x120.png"
320,"Corinthians","https://cdn5.wyscout.com/photos/team/public/248_120x120.png"
3717,"Coruripe","https://cdn5.wyscout.com/photos/team/public/4519_120x120.png"
-8978,"Cova da Piedade U23","https://cdn5.wyscout.com/photos/team/public/g-8978_120x120.png"
10123,"Cova Piedade","https://cdn5.wyscout.com/photos/team/public/g10123_120x120.png"
1280,"Crotone","https://cdn5.wyscout.com/photos/team/public/214_120x120.png"
1461,"Cruz Azul","https://cdn5.wyscout.com/photos/team/public/590_120x120.png"
1942,"Crvena Zvezda","https://cdn5.wyscout.com/photos/team/public/483_120x120.png"
1842,"CSKA Moskva","https://cdn5.wyscout.com/photos/team/public/1015_120x120.png"
21610,"CSKA Moskva U19","https://cdn5.wyscout.com/photos/team/public/g21610_120x120.png"
23162,"CSKA Moskva U21","https://cdn5.wyscout.com/photos/team/public/g23162_120x120.png"
16321,"CSMS Iasi","https://cdn5.wyscout.com/photos/team/public/599_120x120.png"
2842,"Cukaricki","https://cdn5.wyscout.com/photos/team/public/702_120x120.png"
1995,"DAC","https://cdn5.wyscout.com/photos/team/public/1224_120x120.png"
624,"Dalum","https://cdn5.wyscout.com/photos/team/public/g624_120x120.png"
11699,"Darica Gençlerbirligi","https://cdn5.wyscout.com/photos/team/public/g11699_120x120.png"
2549,"Darmstadt 98","https://cdn5.wyscout.com/photos/team/public/3768_120x120.png"
1537,"De Graafschap","https://cdn5.wyscout.com/photos/team/public/153_120x120.png"
13981,"De Graafschap U23","https://cdn5.wyscout.com/photos/team/public/g13981_120x120.png"
4716,"De Treffers","https://cdn5.wyscout.com/photos/team/public/g4716_120x120.png"
238,"Deinze","https://cdn5.wyscout.com/photos/team/public/1081_120x120.png"
1533,"Den Bosch","https://cdn5.wyscout.com/photos/team/public/847_120x120.png"
2215,"Denizlispor","https://cdn5.wyscout.com/photos/team/public/821_120x120.png"
-8979,"Deportivo Aves U23","https://cdn5.wyscout.com/photos/team/public/g-8979_120x120.png"
6954,"Desna","https://cdn5.wyscout.com/photos/team/public/g6954_120x120.png"
1702,"Desportivo Aves","https://cdn5.wyscout.com/photos/team/public/1541_120x120.png"
3951,"Dinamo Barnaul","https://cdn5.wyscout.com/photos/team/public/g3951_120x120.png"
954,"Dinamo Batumi","https://cdn5.wyscout.com/photos/team/public/g954_120x120.png"
1866,"Dinamo Bryansk","https://cdn5.wyscout.com/photos/team/public/2637_120x120.png"
1775,"Dinamo Bucuresti","https://cdn5.wyscout.com/photos/team/public/479_120x120.png"
199,"Dinamo Minsk","https://cdn5.wyscout.com/photos/team/public/1298_120x120.png"
1845,"Dinamo Moskva","https://cdn5.wyscout.com/photos/team/public/1013_120x120.png"
18672,"Dinamo Moskva II","https://cdn5.wyscout.com/photos/team/public/g18672_120x120.png"
23159,"Dinamo Moskva U21","https://cdn5.wyscout.com/photos/team/public/g23159_120x120.png"
6632,"Dinamo Stavropol","https://cdn5.wyscout.com/photos/team/public/g6632_120x120.png"
3959,"DNEPR Smolensk","https://cdn5.wyscout.com/photos/team/public/g3959_120x120.png"
39569,"Dnipro-1","https://cdn5.wyscout.com/photos/team/public/g39569_120x120.png"
2255,"Dnipro Dnipropetrovsk","https://cdn5.wyscout.com/photos/team/public/1038_120x120.png"
15940,"Dnipro II","https://cdn5.wyscout.com/photos/team/public/g15940_120x120.png"
15127,"Dolgoprudnyi","https://cdn5.wyscout.com/photos/team/public/g15127_120x120.png"
1548,"Dordrecht","https://cdn5.wyscout.com/photos/team/public/856_120x120.png"
1079,"Doxa Dramas","https://cdn5.wyscout.com/photos/team/public/2345_120x120.png"
3954,"Druzhba","https://cdn5.wyscout.com/photos/team/public/g3954_120x120.png"
1196,"Dundalk","https://cdn5.wyscout.com/photos/team/public/2505_120x120.png"
2253,"Dynamo Kyiv","https://cdn5.wyscout.com/photos/team/public/1036_120x120.png"
23011,"Dynamo Kyiv U19","https://cdn5.wyscout.com/photos/team/public/g23011_120x120.png"
23105,"Dynamo Kyiv U21","https://cdn5.wyscout.com/photos/team/public/g23105_120x120.png"
1549,"Eindhoven","https://cdn5.wyscout.com/photos/team/public/863_120x120.png"
39808,"Eindhoven Res.","https://cdn5.wyscout.com/photos/team/public/g39808_120x120.png"
2228,"Elazigspor","https://cdn5.wyscout.com/photos/team/public/3931_120x120.png"
20642,"Elazigspor Res.","https://cdn5.wyscout.com/photos/team/public/g20642_120x120.png"
37612,"Elazigspor U19","https://cdn5.wyscout.com/photos/team/public/g37612_120x120.png"
40169,"Elazigspor U21","https://cdn5.wyscout.com/photos/team/public/g40169_120x120.png"
1539,"Emmen","https://cdn5.wyscout.com/photos/team/public/853_120x120.png"
15937,"Enerhiya Nova Kakhovka","https://cdn5.wyscout.com/photos/team/public/g15937_120x120.png"
2742,"Ermis","https://cdn5.wyscout.com/photos/team/public/2193_120x120.png"
29069,"Erzin","https://cdn5.wyscout.com/photos/team/public/g29069_120x120.png"
9160,"Erzincanspor","https://cdn5.wyscout.com/photos/team/public/g9160_120x120.png"
3486,"ES Tunis","https://cdn5.wyscout.com/photos/team/public/2031_120x120.png"
599,"Esbjerg","https://cdn5.wyscout.com/photos/team/public/290_120x120.png"
25989,"Esbjerg U17","https://cdn5.wyscout.com/photos/team/public/g25989_120x120.png"
22938,"Esbjerg U19","https://cdn5.wyscout.com/photos/team/public/g22938_120x120.png"
7901,"Eschen / Mauren","https://cdn5.wyscout.com/photos/team/public/1351_120x120.png"
2347,"Eskisehirspor","https://cdn5.wyscout.com/photos/team/public/1188_120x120.png"
20626,"Eskisehirspor Res.","https://cdn5.wyscout.com/photos/team/public/g20626_120x120.png"
25609,"Eskisehirspor U19","https://cdn5.wyscout.com/photos/team/public/g25609_120x120.png"
30237,"Eskisehirspor U21","https://cdn5.wyscout.com/photos/team/public/g30237_120x120.png"
1695,"Estoril","https://cdn5.wyscout.com/photos/team/public/1542_120x120.png"
-8980,"Estoril U23","https://cdn5.wyscout.com/photos/team/public/g-8980_120x120.png"
4698,"EVV","https://cdn5.wyscout.com/photos/team/public/g4698_120x120.png"
1532,"Excelsior","https://cdn5.wyscout.com/photos/team/public/155_120x120.png"
4654,"Excelsior Maassluis","https://cdn5.wyscout.com/photos/team/public/g4654_120x120.png"
23135,"Excelsior U19","https://cdn5.wyscout.com/photos/team/public/g23135_120x120.png"
237,"Excelsior Virton","https://cdn5.wyscout.com/photos/team/public/1072_120x120.png"
9142,"Eyüpspor","https://cdn5.wyscout.com/photos/team/public/g9142_120x120.png"
3748,"Fakel","https://cdn5.wyscout.com/photos/team/public/3584_120x120.png"
1913,"Falkirk","https://cdn5.wyscout.com/photos/team/public/303_120x120.png"
2752,"Famalicão","https://cdn5.wyscout.com/photos/team/public/4103_120x120.png"
1729,"Farense","https://cdn5.wyscout.com/photos/team/public/g1729_120x120.png"
3014,"Fatih Karagümrük","https://cdn5.wyscout.com/photos/team/public/g3014_120x120.png"
1856,"FC Akhmat","https://cdn5.wyscout.com/photos/team/public/1017_120x120.png"
23167,"FC Akhmat U21","https://cdn5.wyscout.com/photos/team/public/g23167_120x120.png"
11023,"FC Helsingør","https://cdn5.wyscout.com/photos/team/public/g11023_120x120.png"
10964,"FC Juniors OÖ","https://cdn5.wyscout.com/photos/team/public/2634_120x120.png"
-6905,"FC Lviv U19","https://cdn5.wyscout.com/photos/team/public/g-6905_120x120.png"
-8813,"FC Minai","https://cdn5.wyscout.com/photos/team/public/g-8813_120x120.png"
2184,"FC Schaffhausen","https://cdn5.wyscout.com/photos/team/public/1155_120x120.png"
-6070,"FC Volyn Lutsk U17","https://cdn5.wyscout.com/photos/team/public/g-6070_120x120.png"
1705,"Feirense","https://cdn5.wyscout.com/photos/team/public/1540_120x120.png"
-8981,"Feirense U23","https://cdn5.wyscout.com/photos/team/public/g-8981_120x120.png"
2212,"Fenerbahçe","https://cdn5.wyscout.com/photos/team/public/470_120x120.png"
-2733,"Fenerbahçe SK U17","https://cdn5.wyscout.com/photos/team/public/g-2733_120x120.png"
20369,"Fenerbahçe U19","https://cdn5.wyscout.com/photos/team/public/3950_120x120.png"
30239,"Fenerbahçe U21","https://cdn5.wyscout.com/photos/team/public/g30239_120x120.png"
1101,"Ferencváros","https://cdn5.wyscout.com/photos/team/public/1108_120x120.png"
24620,"Feronikeli","https://cdn5.wyscout.com/photos/team/public/g24620_120x120.png"
1518,"Feyenoord","https://cdn5.wyscout.com/photos/team/public/141_120x120.png"
22983,"Feyenoord U19","https://cdn5.wyscout.com/photos/team/public/g22983_120x120.png"
1259,"Fiorentina","https://cdn5.wyscout.com/photos/team/public/78_120x120.png"
-9023,"FK Desna Chernihiv U19","https://cdn5.wyscout.com/photos/team/public/g-9023_120x120.png"
-8711,"FK Desna Chernihiv U21","https://cdn5.wyscout.com/photos/team/public/g-8711_120x120.png"
-4478,"FK Dinamo Moskva U17","https://cdn5.wyscout.com/photos/team/public/g-4478_120x120.png"
-8712,"FK Lviv U21","https://cdn5.wyscout.com/photos/team/public/g-8712_120x120.png"
2260,"FK Mariupol","https://cdn5.wyscout.com/photos/team/public/1047_120x120.png"
23106,"FK Mariupol U21","https://cdn5.wyscout.com/photos/team/public/g23106_120x120.png"
-8882,"FK Nyva Ternopil","https://cdn5.wyscout.com/photos/team/public/g-8882_120x120.png"
76,"Flamurtari Vlorë","https://cdn5.wyscout.com/photos/team/public/2641_120x120.png"
8722,"Floridsdorfer AC","https://cdn5.wyscout.com/photos/team/public/g8722_120x120.png"
1551,"Fortuna Sittard","https://cdn5.wyscout.com/photos/team/public/860_120x120.png"
34944,"Fortuna Sittard U19","https://cdn5.wyscout.com/photos/team/public/g34944_120x120.png"
619,"Fredericia","https://cdn5.wyscout.com/photos/team/public/2469_120x120.png"
621,"Fremad Amager","https://cdn5.wyscout.com/photos/team/public/g621_120x120.png"
667,"Fulham","https://cdn5.wyscout.com/photos/team/public/29_120x120.png"
2217,"Galatasaray","https://cdn5.wyscout.com/photos/team/public/469_120x120.png"
20613,"Galatasaray Res.","https://cdn5.wyscout.com/photos/team/public/g20613_120x120.png"
25439,"Galatasaray U19","https://cdn5.wyscout.com/photos/team/public/g25439_120x120.png"
30241,"Galatasaray U21","https://cdn5.wyscout.com/photos/team/public/g30241_120x120.png"
931,"Gazélec Ajaccio","https://cdn5.wyscout.com/photos/team/public/g931_120x120.png"
3287,"Gaziantep BB","https://cdn5.wyscout.com/photos/team/public/1340_120x120.png"
40191,"Gazisehir Gaziantep U19","https://cdn5.wyscout.com/photos/team/public/g40191_120x120.png"
40170,"Gazisehir Gaziantep U21","https://cdn5.wyscout.com/photos/team/public/g40170_120x120.png"
15217,"Gazovik Orenburg II","https://cdn5.wyscout.com/photos/team/public/g15217_120x120.png"
11727,"Geel","https://cdn5.wyscout.com/photos/team/public/g11727_120x120.png"
2219,"Gençlerbirligi","https://cdn5.wyscout.com/photos/team/public/825_120x120.png"
228,"Genk","https://cdn5.wyscout.com/photos/team/public/522_120x120.png"
214,"Gent","https://cdn5.wyscout.com/photos/team/public/517_120x120.png"
6042,"Giresunspor","https://cdn5.wyscout.com/photos/team/public/1348_120x120.png"
37624,"Giresunspor U19","https://cdn5.wyscout.com/photos/team/public/g37624_120x120.png"
1540,"Go Ahead Eagles","https://cdn5.wyscout.com/photos/team/public/854_120x120.png"
11547,"Goldau","https://cdn5.wyscout.com/photos/team/public/g11547_120x120.png"
201,"Gomel","https://cdn5.wyscout.com/photos/team/public/1566_120x120.png"
14231,"Gorica","https://cdn5.wyscout.com/photos/team/public/3706_120x120.png"
2247,"Göztepe","https://cdn5.wyscout.com/photos/team/public/3932_120x120.png"
-7546,"Göztepe U17","https://cdn5.wyscout.com/photos/team/public/g-7546_120x120.png"
37602,"Göztepe U19","https://cdn5.wyscout.com/photos/team/public/4375_120x120.png"
39825,"Göztepe U21","https://cdn5.wyscout.com/photos/team/public/g39825_120x120.png"
2178,"Grasshopper","https://cdn5.wyscout.com/photos/team/public/582_120x120.png"
23402,"Grasshopper U18","https://cdn5.wyscout.com/photos/team/public/g23402_120x120.png"
8760,"Grasshopper U21","https://cdn5.wyscout.com/photos/team/public/g8760_120x120.png"
1527,"Groningen","https://cdn5.wyscout.com/photos/team/public/143_120x120.png"
22875,"Groningen U23","https://cdn5.wyscout.com/photos/team/public/g22875_120x120.png"
2995,"Guijuelo","https://cdn5.wyscout.com/photos/team/public/2708_120x120.png"
904,"Guingamp","https://cdn5.wyscout.com/photos/team/public/567_120x120.png"
4658,"GVVV","https://cdn5.wyscout.com/photos/team/public/4424_120x120.png"
2145,"Halmstad","https://cdn5.wyscout.com/photos/team/public/647_120x120.png"
2147,"Hammarby","https://cdn5.wyscout.com/photos/team/public/644_120x120.png"
972,"Hannover 96","https://cdn5.wyscout.com/photos/team/public/10_120x120.png"
10578,"Hapoel Eran Hadera","https://cdn5.wyscout.com/photos/team/public/g10578_120x120.png"
6763,"Hartberg","https://cdn5.wyscout.com/photos/team/public/2105_120x120.png"
-9587,"Hartford Athletic","https://cdn5.wyscout.com/photos/team/public/g-9587_120x120.png"
39689,"Hartford City","https://cdn5.wyscout.com/photos/team/public/g39689_120x120.png"
2883,"Hatayspor","https://cdn5.wyscout.com/photos/team/public/g2883_120x120.png"
13298,"HB Køge","https://cdn5.wyscout.com/photos/team/public/1941_120x120.png"
25992,"HB Køge U17","https://cdn5.wyscout.com/photos/team/public/g25992_120x120.png"
24563,"HB Køge U19","https://cdn5.wyscout.com/photos/team/public/g24563_120x120.png"
1519,"Heerenveen","https://cdn5.wyscout.com/photos/team/public/144_120x120.png"
34546,"Heerenveen Res.","https://cdn5.wyscout.com/photos/team/public/g34546_120x120.png"
22973,"Heerenveen U19","https://cdn5.wyscout.com/photos/team/public/g22973_120x120.png"
1534,"Helmond Sport","https://cdn5.wyscout.com/photos/team/public/851_120x120.png"
35742,"Helsingør U19","https://cdn5.wyscout.com/photos/team/public/g35742_120x120.png"
1536,"Heracles","https://cdn5.wyscout.com/photos/team/public/154_120x120.png"
4669,"HHC","https://cdn5.wyscout.com/photos/team/public/g4669_120x120.png"
9055,"Hirnyk","https://cdn5.wyscout.com/photos/team/public/g9055_120x120.png"
9058,"Hirnyk-Sport","https://cdn5.wyscout.com/photos/team/public/g9058_120x120.png"
4523,"Hobro","https://cdn5.wyscout.com/photos/team/public/2662_120x120.png"
28849,"Hobro Res.","https://cdn5.wyscout.com/photos/team/public/g28849_120x120.png"
4740,"Hoogeveen","https://cdn5.wyscout.com/photos/team/public/g4740_120x120.png"
7491,"Horn","https://cdn5.wyscout.com/photos/team/public/g7491_120x120.png"
613,"Horsens","https://cdn5.wyscout.com/photos/team/public/285_120x120.png"
-6648,"Horsens U19","https://cdn5.wyscout.com/photos/team/public/g-6648_120x120.png"
3003,"Huesca","https://cdn5.wyscout.com/photos/team/public/1210_120x120.png"
641,"Hvidovre","https://cdn5.wyscout.com/photos/team/public/2659_120x120.png"
2149,"IFK Göteborg","https://cdn5.wyscout.com/photos/team/public/642_120x120.png"
4659,"IJsselmeervogels","https://cdn5.wyscout.com/photos/team/public/g4659_120x120.png"
13345,"Imst","https://cdn5.wyscout.com/photos/team/public/g13345_120x120.png"
5476,"Ingolstadt","https://cdn5.wyscout.com/photos/team/public/1116_120x120.png"
33980,"Inhulets","https://cdn5.wyscout.com/photos/team/public/g33980_120x120.png"
36982,"Inhulets II","https://cdn5.wyscout.com/photos/team/public/g36982_120x120.png"
1978,"Inter Bratislava","https://cdn5.wyscout.com/photos/team/public/g1978_120x120.png"
3753,"Inter de Limeira","https://cdn5.wyscout.com/photos/team/public/g3753_120x120.png"
808,"Inter Turku","https://cdn5.wyscout.com/photos/team/public/655_120x120.png"
1046,"Iraklis","https://cdn5.wyscout.com/photos/team/public/438_120x120.png"
6643,"Irtysh","https://cdn5.wyscout.com/photos/team/public/g6643_120x120.png"
2884,"Istanbul Basaksehir","https://cdn5.wyscout.com/photos/team/public/826_120x120.png"
34435,"Istanbul Basaksehir U19","https://cdn5.wyscout.com/photos/team/public/g34435_120x120.png"
30247,"Istanbul Basaksehir U21","https://cdn5.wyscout.com/photos/team/public/g30247_120x120.png"
2226,"Istanbulspor","https://cdn5.wyscout.com/photos/team/public/g2226_120x120.png"
37519,"Istanbulspor U19","https://cdn5.wyscout.com/photos/team/public/g37519_120x120.png"
15003,"Istiqlol","https://cdn5.wyscout.com/photos/team/public/g15003_120x120.png"
634,"Jammerbugt","https://cdn5.wyscout.com/photos/team/public/g634_120x120.png"
4066,"Jelgava","https://cdn5.wyscout.com/photos/team/public/2581_120x120.png"
25545,"Juventus U19","https://cdn5.wyscout.com/photos/team/public/1773_120x120.png"
4702,"JVC Cuijk","https://cdn5.wyscout.com/photos/team/public/g4702_120x120.png"
1358,"Kairat","https://cdn5.wyscout.com/photos/team/public/g1358_120x120.png"
1352,"Kaisar","https://cdn5.wyscout.com/photos/team/public/g1352_120x120.png"
33761,"Kalisz","https://cdn5.wyscout.com/photos/team/public/g33761_120x120.png"
14976,"Kaluga","https://cdn5.wyscout.com/photos/team/public/g14976_120x120.png"
-8811,"Kalush FK","https://cdn5.wyscout.com/photos/team/public/g-8811_120x120.png"
1861,"KAMAZ","https://cdn5.wyscout.com/photos/team/public/1650_120x120.png"
170,"Kapfenberger SV","https://cdn5.wyscout.com/photos/team/public/613_120x120.png"
10991,"Kapfenberger SV II","https://cdn5.wyscout.com/photos/team/public/g10991_120x120.png"
2351,"Karabükspor","https://cdn5.wyscout.com/photos/team/public/1347_120x120.png"
30161,"Karabükspor U19","https://cdn5.wyscout.com/photos/team/public/g30161_120x120.png"
30249,"Karabükspor U21 ","https://cdn5.wyscout.com/photos/team/public/g30249_120x120.png"
2267,"Karpaty","https://cdn5.wyscout.com/photos/team/public/1051_120x120.png"
23110,"Karpaty Lviv U21","https://cdn5.wyscout.com/photos/team/public/g23110_120x120.png"
245,"KAS Eupen","https://cdn5.wyscout.com/photos/team/public/1079_120x120.png"
6900,"Kasimpasa","https://cdn5.wyscout.com/photos/team/public/1252_120x120.png"
20627,"Kasimpasa Res.","https://cdn5.wyscout.com/photos/team/public/g20627_120x120.png"
25612,"Kasimpasa U19","https://cdn5.wyscout.com/photos/team/public/g25612_120x120.png"
30251,"Kasimpasa U21","https://cdn5.wyscout.com/photos/team/public/g30251_120x120.png"
4643,"Katwijk","https://cdn5.wyscout.com/photos/team/public/g4643_120x120.png"
8413,"Kauno Žalgiris","https://cdn5.wyscout.com/photos/team/public/g8413_120x120.png"
2235,"Kayserispor","https://cdn5.wyscout.com/photos/team/public/819_120x120.png"
25613,"Kayserispor U19","https://cdn5.wyscout.com/photos/team/public/g25613_120x120.png"
34609,"Kayserispor U21","https://cdn5.wyscout.com/photos/team/public/g34609_120x120.png"
39860,"Kazanka","https://cdn5.wyscout.com/photos/team/public/g39860_120x120.png"
7284,"Keçiörengücü","https://cdn5.wyscout.com/photos/team/public/g7284_120x120.png"
15145,"Khimik Novomoskovsk","https://cdn5.wyscout.com/photos/team/public/g15145_120x120.png"
1867,"Khimki","https://cdn5.wyscout.com/photos/team/public/1024_120x120.png"
15160,"Khimki II","https://cdn5.wyscout.com/photos/team/public/g15160_120x120.png"
16471,"Kirklarelispor","https://cdn5.wyscout.com/photos/team/public/g16471_120x120.png"
600,"København","https://cdn5.wyscout.com/photos/team/public/284_120x120.png"
24028,"København Res.","https://cdn5.wyscout.com/photos/team/public/g24028_120x120.png"
25985,"København U17","https://cdn5.wyscout.com/photos/team/public/g25985_120x120.png"
22935,"København U19","https://cdn5.wyscout.com/photos/team/public/g22935_120x120.png"
4623,"Kobra Kharkiv","https://cdn5.wyscout.com/photos/team/public/3918_120x120.png"
15130,"Kolomna","https://cdn5.wyscout.com/photos/team/public/g15130_120x120.png"
33977,"Kolos Kovalivka","https://cdn5.wyscout.com/photos/team/public/g33977_120x120.png"
16631,"Koninklijke HFC","https://cdn5.wyscout.com/photos/team/public/g16631_120x120.png"
2223,"Konyaspor","https://cdn5.wyscout.com/photos/team/public/828_120x120.png"
30157,"Konyaspor U19","https://cdn5.wyscout.com/photos/team/public/g30157_120x120.png"
3121,"Korona Kielce","https://cdn5.wyscout.com/photos/team/public/449_120x120.png"
251,"Kortrijk","https://cdn5.wyscout.com/photos/team/public/1067_120x120.png"
25969,"Kortrijk Res.","https://cdn5.wyscout.com/photos/team/public/g25969_120x120.png"
13674,"Kosova","https://cdn5.wyscout.com/photos/team/public/g13674_120x120.png"
4660,"Kozakken Boys","https://cdn5.wyscout.com/photos/team/public/g4660_120x120.png"
879,"KPV","https://cdn5.wyscout.com/photos/team/public/g879_120x120.png"
10610,"Krasnodar","https://cdn5.wyscout.com/photos/team/public/1741_120x120.png"
24541,"Krasnodar II","https://cdn5.wyscout.com/photos/team/public/g24541_120x120.png"
-6498,"Krasnodar III","https://cdn5.wyscout.com/photos/team/public/g-6498_120x120.png"
23173,"Krasnodar U21","https://cdn5.wyscout.com/photos/team/public/g23173_120x120.png"
9057,"Kremin'","https://cdn5.wyscout.com/photos/team/public/4050_120x120.png"
2192,"Kriens","https://cdn5.wyscout.com/photos/team/public/2668_120x120.png"
1848,"Krylya Sovetov","https://cdn5.wyscout.com/photos/team/public/1016_120x120.png"
39841,"Krylya Sovetov II","https://cdn5.wyscout.com/photos/team/public/g39841_120x120.png"
23171,"Krylya Sovetov U21","https://cdn5.wyscout.com/photos/team/public/g23171_120x120.png"
19205,"Krystal","https://cdn5.wyscout.com/photos/team/public/g19205_120x120.png"
227,"KV Oostende","https://cdn5.wyscout.com/photos/team/public/1083_120x120.png"
15129,"Kvant","https://cdn5.wyscout.com/photos/team/public/g15129_120x120.png"
3965,"Lada Tolyatti","https://cdn5.wyscout.com/photos/team/public/g3965_120x120.png"
19140,"Lafnitz","https://cdn5.wyscout.com/photos/team/public/g19140_120x120.png"
3030,"Lamia","https://cdn5.wyscout.com/photos/team/public/g3030_120x120.png"
24602,"Lampang","https://cdn5.wyscout.com/photos/team/public/g24602_120x120.png"
1071,"Larissa","https://cdn5.wyscout.com/photos/team/public/435_120x120.png"
176,"LASK Linz","https://cdn5.wyscout.com/photos/team/public/421_120x120.png"
2952,"Lausanne Sport","https://cdn5.wyscout.com/photos/team/public/1146_120x120.png"
8793,"Le Havre II","https://cdn5.wyscout.com/photos/team/public/4348_120x120.png"
1648,"Legia Warszawa","https://cdn5.wyscout.com/photos/team/public/448_120x120.png"
36659,"Legion Dynamo","https://cdn5.wyscout.com/photos/team/public/g36659_120x120.png"
1707,"Leixões","https://cdn5.wyscout.com/photos/team/public/169_120x120.png"
-8821,"Leningradets","https://cdn5.wyscout.com/photos/team/public/g-8821_120x120.png"
1062,"Levadiakos","https://cdn5.wyscout.com/photos/team/public/440_120x120.png"
22969,"Levadiakos U20","https://cdn5.wyscout.com/photos/team/public/g22969_120x120.png"
2036,"Levante","https://cdn5.wyscout.com/photos/team/public/57_120x120.png"
353,"Levski Sofia","https://cdn5.wyscout.com/photos/team/public/624_120x120.png"
8738,"Liefering","https://cdn5.wyscout.com/photos/team/public/g8738_120x120.png"
7243,"Lienden","https://cdn5.wyscout.com/photos/team/public/g7243_120x120.png"
1592,"Lillestrøm","https://cdn5.wyscout.com/photos/team/public/737_120x120.png"
4645,"Lisse","https://cdn5.wyscout.com/photos/team/public/g4645_120x120.png"
1671,"Lódzki KS","https://cdn5.wyscout.com/photos/team/public/457_120x120.png"
225,"Lokeren","https://cdn5.wyscout.com/photos/team/public/518_120x120.png"
25972,"Lokeren Res.","https://cdn5.wyscout.com/photos/team/public/g25972_120x120.png"
1843,"Lokomotiv Moskva","https://cdn5.wyscout.com/photos/team/public/1012_120x120.png"
-7162,"Lokomotiv Moskva U19","https://cdn5.wyscout.com/photos/team/public/g-7162_120x120.png"
23164,"Lokomotiv Moskva U21","https://cdn5.wyscout.com/photos/team/public/g23164_120x120.png"
268,"Lommel SK","https://cdn5.wyscout.com/photos/team/public/2644_120x120.png"
1860,"Luch Vladivostok","https://cdn5.wyscout.com/photos/team/public/1023_120x120.png"
2517,"Luftëtari Gjirokastër","https://cdn5.wyscout.com/photos/team/public/g2517_120x120.png"
2951,"Lugano","https://cdn5.wyscout.com/photos/team/public/1143_120x120.png"
7073,"Lugo","https://cdn5.wyscout.com/photos/team/public/2704_120x120.png"
39664,"Luki-Energiya","https://cdn5.wyscout.com/photos/team/public/g39664_120x120.png"
2905,"Lusitania FC Lourosa","https://cdn5.wyscout.com/photos/team/public/g2905_120x120.png"
2193,"Luzern","https://cdn5.wyscout.com/photos/team/public/584_120x120.png"
6956,"Lviv","https://cdn5.wyscout.com/photos/team/public/1041_120x120.png"
635,"Lyngby","https://cdn5.wyscout.com/photos/team/public/2527_120x120.png"
25993,"Lyngby U17","https://cdn5.wyscout.com/photos/team/public/g25993_120x120.png"
22934,"Lyngby U19","https://cdn5.wyscout.com/photos/team/public/g22934_120x120.png"
1206,"Maccabi Petah Tikva","https://cdn5.wyscout.com/photos/team/public/1606_120x120.png"
1721,"Mafra","https://cdn5.wyscout.com/photos/team/public/2249_120x120.png"
2818,"Magdeburg","https://cdn5.wyscout.com/photos/team/public/g2818_120x120.png"
977,"Mainz 05","https://cdn5.wyscout.com/photos/team/public/332_120x120.png"
2024,"Málaga","https://cdn5.wyscout.com/photos/team/public/770_120x120.png"
676,"Manchester City","https://cdn5.wyscout.com/photos/team/public/23_120x120.png"
34120,"Manisa BBSK","https://cdn5.wyscout.com/photos/team/public/g34120_120x120.png"
15601,"Mannsdorf","https://cdn5.wyscout.com/photos/team/public/g15601_120x120.png"
1684,"Marítimo","https://cdn5.wyscout.com/photos/team/public/162_120x120.png"
1724,"Marítimo II","https://cdn5.wyscout.com/photos/team/public/g1724_120x120.png"
-8982,"Marítimo U23","https://cdn5.wyscout.com/photos/team/public/g-8982_120x120.png"
23019,"Mariupol' U19","https://cdn5.wyscout.com/photos/team/public/g23019_120x120.png"
4093,"Mashuk-KMV","https://cdn5.wyscout.com/photos/team/public/g4093_120x120.png"
163,"Mattersburg","https://cdn5.wyscout.com/photos/team/public/424_120x120.png"
8717,"Mattersburg II","https://cdn5.wyscout.com/photos/team/public/g8717_120x120.png"
256,"Mechelen","https://cdn5.wyscout.com/photos/team/public/519_120x120.png"
15320,"Melbourne City","https://cdn5.wyscout.com/photos/team/public/2667_120x120.png"
8788,"Mendrisio","https://cdn5.wyscout.com/photos/team/public/g8788_120x120.png"
39566,"Metalist 1925 Kharkiv","https://cdn5.wyscout.com/photos/team/public/g39566_120x120.png"
1864,"Metallurg Lipetsk","https://cdn5.wyscout.com/photos/team/public/1738_120x120.png"
7745,"Metalourg","https://cdn5.wyscout.com/photos/team/public/4230_120x120.png"
36979,"Metalurh Zaporizhya","https://cdn5.wyscout.com/photos/team/public/g36979_120x120.png"
11034,"Middelfart","https://cdn5.wyscout.com/photos/team/public/g11034_120x120.png"
603,"Midtjylland","https://cdn5.wyscout.com/photos/team/public/286_120x120.png"
25980,"Midtjylland U17","https://cdn5.wyscout.com/photos/team/public/g25980_120x120.png"
22932,"Midtjylland U19","https://cdn5.wyscout.com/photos/team/public/g22932_120x120.png"
14860,"Minnesota United","https://cdn5.wyscout.com/photos/team/public/g14860_120x120.png"
6028,"Mirandela","https://cdn5.wyscout.com/photos/team/public/g6028_120x120.png"
2466,"Mjällby","https://cdn5.wyscout.com/photos/team/public/1629_120x120.png"
3970,"Mordovia Saransk","https://cdn5.wyscout.com/photos/team/public/2638_120x120.png"
1687,"Moreirense","https://cdn5.wyscout.com/photos/team/public/2599_120x120.png"
6946,"Mouscron-Péruwelz","https://cdn5.wyscout.com/photos/team/public/g6946_120x120.png"
29961,"Mouscron-Péruwelz Res.","https://cdn5.wyscout.com/photos/team/public/g29961_120x120.png"
3622,"Muharraq","https://cdn5.wyscout.com/photos/team/public/3130_120x120.png"
36724,"Murom","https://cdn5.wyscout.com/photos/team/public/g36724_120x120.png"
1550,"MVV","https://cdn5.wyscout.com/photos/team/public/849_120x120.png"
3694,"Mykolaiv","https://cdn5.wyscout.com/photos/team/public/4054_120x120.png"
39568,"Mykolaiv II","https://cdn5.wyscout.com/photos/team/public/g39568_120x120.png"
19212,"Myr","https://cdn5.wyscout.com/photos/team/public/g19212_120x120.png"
1524,"NAC Breda","https://cdn5.wyscout.com/photos/team/public/146_120x120.png"
1681,"Nacional","https://cdn5.wyscout.com/photos/team/public/164_120x120.png"
1627,"Nacional Asunción","https://cdn5.wyscout.com/photos/team/public/2296_120x120.png"
625,"Næstved","https://cdn5.wyscout.com/photos/team/public/2501_120x120.png"
-6656,"Næstved U19","https://cdn5.wyscout.com/photos/team/public/g-6656_120x120.png"
3073,"Nafpaktiakos","https://cdn5.wyscout.com/photos/team/public/g3073_120x120.png"
889,"Nantes","https://cdn5.wyscout.com/photos/team/public/557_120x120.png"
1956,"Napredak","https://cdn5.wyscout.com/photos/team/public/704_120x120.png"
7738,"Navbahor","https://cdn5.wyscout.com/photos/team/public/4228_120x120.png"
2735,"Nea Salamis","https://cdn5.wyscout.com/photos/team/public/2194_120x120.png"
1528,"NEC","https://cdn5.wyscout.com/photos/team/public/152_120x120.png"
29591,"NEC / OSS U19","https://cdn5.wyscout.com/photos/team/public/g29591_120x120.png"
178,"Neftçi","https://cdn5.wyscout.com/photos/team/public/899_120x120.png"
1877,"Neftekhimik","https://cdn5.wyscout.com/photos/team/public/g1877_120x120.png"
10073,"Nest-Sotra","https://cdn5.wyscout.com/photos/team/public/g10073_120x120.png"
2182,"Neuchâtel Xamax","https://cdn5.wyscout.com/photos/team/public/586_120x120.png"
8719,"Neusiedl","https://cdn5.wyscout.com/photos/team/public/g8719_120x120.png"
27696,"New York City","https://cdn5.wyscout.com/photos/team/public/g27696_120x120.png"
894,"Nice","https://cdn5.wyscout.com/photos/team/public/63_120x120.png"
19203,"Nikopol","https://cdn5.wyscout.com/photos/team/public/g19203_120x120.png"
29493,"Nizhny Novgorod","https://cdn5.wyscout.com/photos/team/public/g29493_120x120.png"
606,"Nordsjælland","https://cdn5.wyscout.com/photos/team/public/289_120x120.png"
25990,"Nordsjælland U17","https://cdn5.wyscout.com/photos/team/public/g25990_120x120.png"
22930,"Nordsjælland U19","https://cdn5.wyscout.com/photos/team/public/g22930_120x120.png"
31411,"NorthEast United","https://cdn5.wyscout.com/photos/team/public/g31411_120x120.png"
4050,"Nosta","https://cdn5.wyscout.com/photos/team/public/1652_120x120.png"
6717,"Nykøbing","https://cdn5.wyscout.com/photos/team/public/g6717_120x120.png"
3369,"Nyva Vinnytsya","https://cdn5.wyscout.com/photos/team/public/4122_120x120.png"
608,"OB","https://cdn5.wyscout.com/photos/team/public/287_120x120.png"
24578,"Obolon'-Brovar","https://cdn5.wyscout.com/photos/team/public/g24578_120x120.png"
-6431,"OC Piddubnogo Kyiv U16","https://cdn5.wyscout.com/photos/team/public/g-6431_120x120.png"
25984,"Odense U17","https://cdn5.wyscout.com/photos/team/public/g25984_120x120.png"
22929,"Odense U19","https://cdn5.wyscout.com/photos/team/public/g22929_120x120.png"
1048,"OFI","https://cdn5.wyscout.com/photos/team/public/439_120x120.png"
267,"OH Leuven","https://cdn5.wyscout.com/photos/team/public/1069_120x120.png"
3519,"Ohod","https://cdn5.wyscout.com/photos/team/public/3523_120x120.png"
1363,"Okzhetpes","https://cdn5.wyscout.com/photos/team/public/g1363_120x120.png"
6957,"Oleksandria","https://cdn5.wyscout.com/photos/team/public/3750_120x120.png"
34336,"Oleksandria U19","https://cdn5.wyscout.com/photos/team/public/g34336_120x120.png"
33834,"Oleksandria U21","https://cdn5.wyscout.com/photos/team/public/g33834_120x120.png"
1713,"Olhanense","https://cdn5.wyscout.com/photos/team/public/1539_120x120.png"
7122,"Olimpik Donetsk","https://cdn5.wyscout.com/photos/team/public/3958_120x120.png"
30749,"Olimpik Donetsk U19","https://cdn5.wyscout.com/photos/team/public/g30749_120x120.png"
29809,"Olimpik Donetsk U21","https://cdn5.wyscout.com/photos/team/public/g29809_120x120.png"
3012,"Oliveirense","https://cdn5.wyscout.com/photos/team/public/1546_120x120.png"
1040,"Olympiakos Piraeus","https://cdn5.wyscout.com/photos/team/public/429_120x120.png"
3078,"Olympiakos Volos","https://cdn5.wyscout.com/photos/team/public/1553_120x120.png"
4049,"Orenburg","https://cdn5.wyscout.com/photos/team/public/3621_120x120.png"
37112,"Orenburg U21","https://cdn5.wyscout.com/photos/team/public/g37112_120x120.png"
11749,"Os Limianos","https://cdn5.wyscout.com/photos/team/public/g11749_120x120.png"
2232,"Osmanlispor FK","https://cdn5.wyscout.com/photos/team/public/824_120x120.png"
4034,"Östersunds FK","https://cdn5.wyscout.com/photos/team/public/g4034_120x120.png"
1693,"Paços de Ferreira","https://cdn5.wyscout.com/photos/team/public/171_120x120.png"
31139,"Padova","https://cdn5.wyscout.com/photos/team/public/g31139_120x120.png"
3852,"Pakhtakor","https://cdn5.wyscout.com/photos/team/public/1531_120x120.png"
5101,"Paksi SE","https://cdn5.wyscout.com/photos/team/public/360_120x120.png"
2939,"Panaitolikos","https://cdn5.wyscout.com/photos/team/public/2346_120x120.png"
25350,"Panaitolikos U20","https://cdn5.wyscout.com/photos/team/public/g25350_120x120.png"
1039,"Panathinaikos","https://cdn5.wyscout.com/photos/team/public/431_120x120.png"
1044,"Panionios","https://cdn5.wyscout.com/photos/team/public/434_120x120.png"
1041,"PAOK","https://cdn5.wyscout.com/photos/team/public/437_120x120.png"
37534,"PAOK U19","https://cdn5.wyscout.com/photos/team/public/g37534_120x120.png"
1243,"Parma","https://cdn5.wyscout.com/photos/team/public/84_120x120.png"
1068,"PAS Giannina","https://cdn5.wyscout.com/photos/team/public/1551_120x120.png"
38373,"PAS Giannina U19","https://cdn5.wyscout.com/photos/team/public/g38373_120x120.png"
10550,"Pattaya United","https://cdn5.wyscout.com/photos/team/public/g10550_120x120.png"
1529,"PEC Zwolle","https://cdn5.wyscout.com/photos/team/public/848_120x120.png"
22874,"PEC Zwolle U23","https://cdn5.wyscout.com/photos/team/public/g22874_120x120.png"
1697,"Penafiel","https://cdn5.wyscout.com/photos/team/public/1964_120x120.png"
23006,"Penafiel U19","https://cdn5.wyscout.com/photos/team/public/g23006_120x120.png"
14447,"Platanias","https://cdn5.wyscout.com/photos/team/public/4174_120x120.png"
36813,"Podillya Khmelnytskyi","https://cdn5.wyscout.com/photos/team/public/g36813_120x120.png"
3698,"Polessya","https://cdn5.wyscout.com/photos/team/public/g3698_120x120.png"
1710,"Portimonense","https://cdn5.wyscout.com/photos/team/public/1537_120x120.png"
-8983,"Portimonense U23","https://cdn5.wyscout.com/photos/team/public/g-8983_120x120.png"
1678,"Porto","https://cdn5.wyscout.com/photos/team/public/157_120x120.png"
1756,"Porto II","https://cdn5.wyscout.com/photos/team/public/g1756_120x120.png"
23000,"Porto U19","https://cdn5.wyscout.com/photos/team/public/3181_120x120.png"
36980,"Prykarpattia","https://cdn5.wyscout.com/photos/team/public/g36980_120x120.png"
886,"PSG","https://cdn5.wyscout.com/photos/team/public/14_120x120.png"
5618,"PSG II","https://cdn5.wyscout.com/photos/team/public/4292_120x120.png"
10617,"Pskov 747","https://cdn5.wyscout.com/photos/team/public/g10617_120x120.png"
1517,"PSV","https://cdn5.wyscout.com/photos/team/public/140_120x120.png"
4789,"PSV II","https://cdn5.wyscout.com/photos/team/public/g4789_120x120.png"
20374,"PSV U19","https://cdn5.wyscout.com/photos/team/public/3911_120x120.png"
27805,"Pusamania Borneo","https://cdn5.wyscout.com/photos/team/public/g27805_120x120.png"
26826,"Pyramids Al Ahram FC","https://cdn5.wyscout.com/photos/team/public/g26826_120x120.png"
133,"Pyunik","https://cdn5.wyscout.com/photos/team/public/1366_120x120.png"
610,"Randers","https://cdn5.wyscout.com/photos/team/public/288_120x120.png"
25981,"Randers Freja U17","https://cdn5.wyscout.com/photos/team/public/g25981_120x120.png"
22940,"Randers Freja U19","https://cdn5.wyscout.com/photos/team/public/g22940_120x120.png"
160,"Rapid Wien","https://cdn5.wyscout.com/photos/team/public/419_120x120.png"
8716,"Rapid Wien II","https://cdn5.wyscout.com/photos/team/public/g8716_120x120.png"
8785,"Rapperswil-Jona","https://cdn5.wyscout.com/photos/team/public/g8785_120x120.png"
13410,"RB Leipzig","https://cdn5.wyscout.com/photos/team/public/3724_120x120.png"
19204,"Real Pharm","https://cdn5.wyscout.com/photos/team/public/g19204_120x120.png"
921,"Reims","https://cdn5.wyscout.com/photos/team/public/568_120x120.png"
893,"Rennes","https://cdn5.wyscout.com/photos/team/public/64_120x120.png"
278,"RFC Seraing","https://cdn5.wyscout.com/photos/team/public/g278_120x120.png"
2988,"Rheindorf Altach","https://cdn5.wyscout.com/photos/team/public/426_120x120.png"
10930,"Rheindorf Altach II","https://cdn5.wyscout.com/photos/team/public/g10930_120x120.png"
171,"Ried","https://cdn5.wyscout.com/photos/team/public/425_120x120.png"
33093,"Riga","https://cdn5.wyscout.com/photos/team/public/g33093_120x120.png"
480,"Rijeka","https://cdn5.wyscout.com/photos/team/public/233_120x120.png"
4648,"Rijnsburgse Boys","https://cdn5.wyscout.com/photos/team/public/g4648_120x120.png"
1683,"Rio Ave","https://cdn5.wyscout.com/photos/team/public/1261_120x120.png"
-8984,"Rio Ave U23","https://cdn5.wyscout.com/photos/team/public/g-8984_120x120.png"
3052,"River Plate","https://cdn5.wyscout.com/photos/team/public/976_120x120.png"
2224,"Rizespor","https://cdn5.wyscout.com/photos/team/public/1251_120x120.png"
20633,"Rizespor Res.","https://cdn5.wyscout.com/photos/team/public/g20633_120x120.png"
30155,"Rizespor U19","https://cdn5.wyscout.com/photos/team/public/g30155_120x120.png"
30235,"Rizespor U21","https://cdn5.wyscout.com/photos/team/public/g30235_120x120.png"
1526,"RKC Waalwijk","https://cdn5.wyscout.com/photos/team/public/846_120x120.png"
36685,"RKC Waalwijk Res.","https://cdn5.wyscout.com/photos/team/public/g36685_120x120.png"
4739,"RKHVV","https://cdn5.wyscout.com/photos/team/public/g4739_120x120.png"
1520,"Roda JC","https://cdn5.wyscout.com/photos/team/public/148_120x120.png"
2500,"Roskilde","https://cdn5.wyscout.com/photos/team/public/2656_120x120.png"
1914,"Ross County","https://cdn5.wyscout.com/photos/team/public/1203_120x120.png"
1854,"Rostov","https://cdn5.wyscout.com/photos/team/public/1578_120x120.png"
23172,"Rostov U21","https://cdn5.wyscout.com/photos/team/public/g23172_120x120.png"
3975,"Rotor-2","https://cdn5.wyscout.com/photos/team/public/g3975_120x120.png"
13206,"Rotor Volgograd","https://cdn5.wyscout.com/photos/team/public/2404_120x120.png"
1852,"Rubin Kazan'","https://cdn5.wyscout.com/photos/team/public/1009_120x120.png"
3976,"Rubin Kazan' II","https://cdn5.wyscout.com/photos/team/public/g3976_120x120.png"
23163,"Rubin Kazan' U21","https://cdn5.wyscout.com/photos/team/public/g23163_120x120.png"
36815,"Rukh Vynnyky","https://cdn5.wyscout.com/photos/team/public/g36815_120x120.png"
19935,"RWD Molenbeek","https://cdn5.wyscout.com/photos/team/public/g19935_120x120.png"
3958,"Ryazan","https://cdn5.wyscout.com/photos/team/public/g3958_120x120.png"
8375,"Sakhalin","https://cdn5.wyscout.com/photos/team/public/g8375_120x120.png"
-8824,"Salyut-Belgorod","https://cdn5.wyscout.com/photos/team/public/g-8824_120x120.png"
165,"Salzburg","https://cdn5.wyscout.com/photos/team/public/420_120x120.png"
34809,"Salzburg U19","https://cdn5.wyscout.com/photos/team/public/g34809_120x120.png"
2220,"Samsunspor","https://cdn5.wyscout.com/photos/team/public/1343_120x120.png"
292,"San José","https://cdn5.wyscout.com/photos/team/public/929_120x120.png"
1706,"Santa Clara","https://cdn5.wyscout.com/photos/team/public/1536_120x120.png"
2496,"Sarpsborg 08","https://cdn5.wyscout.com/photos/team/public/1617_120x120.png"
5681,"Sassuolo","https://cdn5.wyscout.com/photos/team/public/196_120x120.png"
1846,"Saturn Ramenskoye","https://cdn5.wyscout.com/photos/team/public/1018_120x120.png"
4649,"Scheveningen","https://cdn5.wyscout.com/photos/team/public/g4649_120x120.png"
37518,"Sebail","https://cdn5.wyscout.com/photos/team/public/g37518_120x120.png"
16931,"Sepidrood Rasht","https://cdn5.wyscout.com/photos/team/public/g16931_120x120.png"
29657,"Sepsi","https://cdn5.wyscout.com/photos/team/public/g29657_120x120.png"
2176,"Servette","https://cdn5.wyscout.com/photos/team/public/1154_120x120.png"
2021,"Sevilla","https://cdn5.wyscout.com/photos/team/public/44_120x120.png"
2254,"Shakhtar Donetsk","https://cdn5.wyscout.com/photos/team/public/1037_120x120.png"
23021,"Shakhtar Donetsk U19","https://cdn5.wyscout.com/photos/team/public/g23021_120x120.png"
23101,"Shakhtar Donetsk U21","https://cdn5.wyscout.com/photos/team/public/g23101_120x120.png"
1498,"Sheriff","https://cdn5.wyscout.com/photos/team/public/1979_120x120.png"
1850,"Shinnik","https://cdn5.wyscout.com/photos/team/public/1022_120x120.png"
2693,"Shkendija","https://cdn5.wyscout.com/photos/team/public/3779_120x120.png"
751,"Shrewsbury Town","https://cdn5.wyscout.com/photos/team/public/795_120x120.png"
3792,"Šiauliai","https://cdn5.wyscout.com/photos/team/public/2001_120x120.png"
6559,"Sibir","https://cdn5.wyscout.com/photos/team/public/1660_120x120.png"
10629,"Sibir II","https://cdn5.wyscout.com/photos/team/public/g10629_120x120.png"
609,"Silkeborg","https://cdn5.wyscout.com/photos/team/public/1948_120x120.png"
25988,"Silkeborg U17","https://cdn5.wyscout.com/photos/team/public/g25988_120x120.png"
22939,"Silkeborg U19","https://cdn5.wyscout.com/photos/team/public/g22939_120x120.png"
13341,"Simmeringer SC","https://cdn5.wyscout.com/photos/team/public/g13341_120x120.png"
229,"Sint-Truiden","https://cdn5.wyscout.com/photos/team/public/521_120x120.png"
2189,"Sion","https://cdn5.wyscout.com/photos/team/public/585_120x120.png"
-1465,"Sion II","https://cdn5.wyscout.com/photos/team/public/3983_120x120.png"
2478,"Sirius","https://cdn5.wyscout.com/photos/team/public/1633_120x120.png"
16473,"Sivas Belediyespor","https://cdn5.wyscout.com/photos/team/public/g16473_120x120.png"
2238,"Sivasspor","https://cdn5.wyscout.com/photos/team/public/818_120x120.png"
20637,"Sivasspor Res.","https://cdn5.wyscout.com/photos/team/public/g20637_120x120.png"
30165,"Sivasspor U19","https://cdn5.wyscout.com/photos/team/public/g30165_120x120.png"
30257,"Sivasspor U21","https://cdn5.wyscout.com/photos/team/public/g30257_120x120.png"
3982,"SKA","https://cdn5.wyscout.com/photos/team/public/1659_120x120.png"
1872,"SKA-Khabarovsk","https://cdn5.wyscout.com/photos/team/public/1654_120x120.png"
642,"Skive","https://cdn5.wyscout.com/photos/team/public/2660_120x120.png"
202,"Slavia","https://cdn5.wyscout.com/photos/team/public/g202_120x120.png"
12465,"Smouha","https://cdn5.wyscout.com/photos/team/public/1835_120x120.png"
887,"Sochaux","https://cdn5.wyscout.com/photos/team/public/72_120x120.png"
18401,"Sochi","https://cdn5.wyscout.com/photos/team/public/g18401_120x120.png"
1858,"Sokol Saratov","https://cdn5.wyscout.com/photos/team/public/g1858_120x120.png"
2990,"SønderjyskE","https://cdn5.wyscout.com/photos/team/public/796_120x120.png"
-8869,"SønderjyskE U17","https://cdn5.wyscout.com/photos/team/public/g-8869_120x120.png"
22941,"SønderjyskE U19","https://cdn5.wyscout.com/photos/team/public/g22941_120x120.png"
4662,"Spakenburg","https://cdn5.wyscout.com/photos/team/public/3027_120x120.png"
1535,"Sparta Rotterdam","https://cdn5.wyscout.com/photos/team/public/145_120x120.png"
22985,"Sparta Rotterdam U19","https://cdn5.wyscout.com/photos/team/public/g22985_120x120.png"
18779,"Sparta Rotterdam U23","https://cdn5.wyscout.com/photos/team/public/g18779_120x120.png"
18588,"Spartak-Vladikavkaz","https://cdn5.wyscout.com/photos/team/public/g18588_120x120.png"
1844,"Spartak Moskva","https://cdn5.wyscout.com/photos/team/public/1011_120x120.png"
15156,"Spartak Moskva II","https://cdn5.wyscout.com/photos/team/public/g15156_120x120.png"
23160,"Spartak Moskva U21","https://cdn5.wyscout.com/photos/team/public/g23160_120x120.png"
1857,"Spartak Nal'chik","https://cdn5.wyscout.com/photos/team/public/1014_120x120.png"
1975,"Spartak Trnava","https://cdn5.wyscout.com/photos/team/public/1291_120x120.png"
5884,"Sportfreunde Lotte","https://cdn5.wyscout.com/photos/team/public/g5884_120x120.png"
1682,"Sporting Braga","https://cdn5.wyscout.com/photos/team/public/165_120x120.png"
1758,"Sporting Braga II","https://cdn5.wyscout.com/photos/team/public/g1758_120x120.png"
-8985,"Sporting Braga U23","https://cdn5.wyscout.com/photos/team/public/g-8985_120x120.png"
218,"Sporting Charleroi","https://cdn5.wyscout.com/photos/team/public/513_120x120.png"
25976,"Sporting Charleroi Res.","https://cdn5.wyscout.com/photos/team/public/g25976_120x120.png"
1712,"Sporting Covilhã","https://cdn5.wyscout.com/photos/team/public/1543_120x120.png"
1680,"Sporting CP","https://cdn5.wyscout.com/photos/team/public/159_120x120.png"
20376,"Sporting CP U19","https://cdn5.wyscout.com/photos/team/public/3183_120x120.png"
-8986,"Sporting CP U23","https://cdn5.wyscout.com/photos/team/public/g-8986_120x120.png"
2177,"St. Gallen","https://cdn5.wyscout.com/photos/team/public/587_120x120.png"
8761,"St. Gallen II","https://cdn5.wyscout.com/photos/team/public/g8761_120x120.png"
26858,"St. Petersburg U18","https://cdn5.wyscout.com/photos/team/public/g26858_120x120.png"
2424,"St. Pölten","https://cdn5.wyscout.com/photos/team/public/1356_120x120.png"
13334,"St. Pölten II","https://cdn5.wyscout.com/photos/team/public/g13334_120x120.png"
9787,"Stade Lausanne-Ouchy","https://cdn5.wyscout.com/photos/team/public/g9787_120x120.png"
230,"Standard Liège","https://cdn5.wyscout.com/photos/team/public/509_120x120.png"
25977,"Standard Liège Res.","https://cdn5.wyscout.com/photos/team/public/g25977_120x120.png"
15158,"Strogino","https://cdn5.wyscout.com/photos/team/public/g15158_120x120.png"
164,"Sturm Graz","https://cdn5.wyscout.com/photos/team/public/423_120x120.png"
962,"Stuttgart","https://cdn5.wyscout.com/photos/team/public/96_120x120.png"
34121,"Sultanbeyli Belediye","https://cdn5.wyscout.com/photos/team/public/g34121_120x120.png"
7119,"Sumy","https://cdn5.wyscout.com/photos/team/public/4056_120x120.png"
234,"SV Roeselare","https://cdn5.wyscout.com/photos/team/public/523_120x120.png"
6724,"Syrianska FC","https://cdn5.wyscout.com/photos/team/public/2473_120x120.png"
15228,"Syzran-2003","https://cdn5.wyscout.com/photos/team/public/g15228_120x120.png"
1112,"Szombathelyi Haladás","https://cdn5.wyscout.com/photos/team/public/1222_120x120.png"
24539,"Tambov","https://cdn5.wyscout.com/photos/team/public/g24539_120x120.png"
2264,"Tavriya","https://cdn5.wyscout.com/photos/team/public/1045_120x120.png"
24596,"TEC","https://cdn5.wyscout.com/photos/team/public/g24596_120x120.png"
3992,"Tekstilshchik","https://cdn5.wyscout.com/photos/team/public/g3992_120x120.png"
1544,"Telstar","https://cdn5.wyscout.com/photos/team/public/858_120x120.png"
71,"Teuta Durrës","https://cdn5.wyscout.com/photos/team/public/2211_120x120.png"
4526,"Thisted","https://cdn5.wyscout.com/photos/team/public/g4526_120x120.png"
-6657,"Thisted U19","https://cdn5.wyscout.com/photos/team/public/g-6657_120x120.png"
2180,"Thun","https://cdn5.wyscout.com/photos/team/public/588_120x120.png"
1355,"Tobol","https://cdn5.wyscout.com/photos/team/public/1195_120x120.png"
1870,"Tom' Tomsk","https://cdn5.wyscout.com/photos/team/public/1019_120x120.png"
11833,"Tondela","https://cdn5.wyscout.com/photos/team/public/g11833_120x120.png"
1542,"TOP Oss","https://cdn5.wyscout.com/photos/team/public/852_120x120.png"
30259,"Torku Konyaspor U21","https://cdn5.wyscout.com/photos/team/public/g30259_120x120.png"
1840,"Torpedo Moskva","https://cdn5.wyscout.com/photos/team/public/2633_120x120.png"
3994,"Torpedo Vladimir","https://cdn5.wyscout.com/photos/team/public/3623_120x120.png"
197,"Torpedo Zhodino","https://cdn5.wyscout.com/photos/team/public/1811_120x120.png"
22285,"Torque","https://cdn5.wyscout.com/photos/team/public/g22285_120x120.png"
2213,"Trabzonspor","https://cdn5.wyscout.com/photos/team/public/820_120x120.png"
-2732,"Trabzonspor U17","https://cdn5.wyscout.com/photos/team/public/g-2732_120x120.png"
25617,"Trabzonspor U19","https://cdn5.wyscout.com/photos/team/public/4374_120x120.png"
30261,"Trabzonspor U21","https://cdn5.wyscout.com/photos/team/public/g30261_120x120.png"
2937,"Trikala","https://cdn5.wyscout.com/photos/team/public/2800_120x120.png"
235,"Tubize","https://cdn5.wyscout.com/photos/team/public/1068_120x120.png"
24815,"Tuzlaspor","https://cdn5.wyscout.com/photos/team/public/g24815_120x120.png"
1522,"Twente","https://cdn5.wyscout.com/photos/team/public/149_120x120.png"
11180,"Twente II","https://cdn5.wyscout.com/photos/team/public/g11180_120x120.png"
6637,"Tyumen","https://cdn5.wyscout.com/photos/team/public/g6637_120x120.png"
1740,"UD Oliveirense","https://cdn5.wyscout.com/photos/team/public/g1740_120x120.png"
1246,"Udinese","https://cdn5.wyscout.com/photos/team/public/91_120x120.png"
1014,"Uerdingen","https://cdn5.wyscout.com/photos/team/public/g1014_120x120.png"
13204,"Ufa","https://cdn5.wyscout.com/photos/team/public/g13204_120x120.png"
18827,"Ufa II","https://cdn5.wyscout.com/photos/team/public/g18827_120x120.png"
29471,"Ufa U21","https://cdn5.wyscout.com/photos/team/public/g29471_120x120.png"
1374,"Ulsan","https://cdn5.wyscout.com/photos/team/public/2403_120x120.png"
19664,"Ümraniyespor","https://cdn5.wyscout.com/photos/team/public/g19664_120x120.png"
40174,"Ümraniyespor U21","https://cdn5.wyscout.com/photos/team/public/g40174_120x120.png"
266,"Union Saint-Gilloise","https://cdn5.wyscout.com/photos/team/public/g266_120x120.png"
7490,"Union Vöcklamarkt","https://cdn5.wyscout.com/photos/team/public/g7490_120x120.png"
3750,"Ural","https://cdn5.wyscout.com/photos/team/public/1651_120x120.png"
15213,"Ural II","https://cdn5.wyscout.com/photos/team/public/g15213_120x120.png"
24847,"Ural U21","https://cdn5.wyscout.com/photos/team/public/g24847_120x120.png"
-8773,"Urozhay Krasnodar","https://cdn5.wyscout.com/photos/team/public/g-8773_120x120.png"
12036,"USV Hercules","https://cdn5.wyscout.com/photos/team/public/g12036_120x120.png"
1523,"Utrecht","https://cdn5.wyscout.com/photos/team/public/150_120x120.png"
36451,"Utrecht II","https://cdn5.wyscout.com/photos/team/public/g36451_120x120.png"
22982,"Utrecht U19","https://cdn5.wyscout.com/photos/team/public/g22982_120x120.png"
22879,"Utrecht U23","https://cdn5.wyscout.com/photos/team/public/g22879_120x120.png"
7903,"Vaduz","https://cdn5.wyscout.com/photos/team/public/1142_120x120.png"
933,"Valenciennes","https://cdn5.wyscout.com/photos/team/public/61_120x120.png"
11938,"Várda SE","https://cdn5.wyscout.com/photos/team/public/g11938_120x120.png"
1698,"Varzim","https://cdn5.wyscout.com/photos/team/public/1538_120x120.png"
321,"Vasco da Gama","https://cdn5.wyscout.com/photos/team/public/253_120x120.png"
623,"Vejle","https://cdn5.wyscout.com/photos/team/public/g623_120x120.png"
25982,"Vejle U17","https://cdn5.wyscout.com/photos/team/public/g25982_120x120.png"
22936,"Vejle U19","https://cdn5.wyscout.com/photos/team/public/g22936_120x120.png"
39747,"Veles","https://cdn5.wyscout.com/photos/team/public/g39747_120x120.png"
639,"Vendsyssel","https://cdn5.wyscout.com/photos/team/public/2661_120x120.png"
-8812,"Veres","https://cdn5.wyscout.com/photos/team/public/g-8812_120x120.png"
39682,"Veres U21","https://cdn5.wyscout.com/photos/team/public/g39682_120x120.png"
604,"Viborg","https://cdn5.wyscout.com/photos/team/public/2504_120x120.png"
36499,"Viborg U17","https://cdn5.wyscout.com/photos/team/public/g36499_120x120.png"
-6651,"Viborg U19","https://cdn5.wyscout.com/photos/team/public/g-6651_120x120.png"
13720,"Viitorul","https://cdn5.wyscout.com/photos/team/public/3991_120x120.png"
1530,"Vitesse","https://cdn5.wyscout.com/photos/team/public/142_120x120.png"
24528,"Vitesse U19","https://cdn5.wyscout.com/photos/team/public/g24528_120x120.png"
22885,"Vitesse U23","https://cdn5.wyscout.com/photos/team/public/g22885_120x120.png"
1689,"Vitória Guimarães","https://cdn5.wyscout.com/photos/team/public/160_120x120.png"
21775,"Vitória Guimarães II","https://cdn5.wyscout.com/photos/team/public/g21775_120x120.png"
-8987,"Vitória Guimarães U23","https://cdn5.wyscout.com/photos/team/public/g-8987_120x120.png"
1696,"Vitória Setúbal","https://cdn5.wyscout.com/photos/team/public/161_120x120.png"
-8988,"Vitória Setúbal U23","https://cdn5.wyscout.com/photos/team/public/g-8988_120x120.png"
1531,"Volendam","https://cdn5.wyscout.com/photos/team/public/845_120x120.png"
8377,"Volga Ulyanovsk","https://cdn5.wyscout.com/photos/team/public/g8377_120x120.png"
3744,"Volgar Astrakhan","https://cdn5.wyscout.com/photos/team/public/1739_120x120.png"
10950,"Völkermarkt","https://cdn5.wyscout.com/photos/team/public/g10950_120x120.png"
2261,"Volyn","https://cdn5.wyscout.com/photos/team/public/2601_120x120.png"
2265,"Vorskla","https://cdn5.wyscout.com/photos/team/public/1049_120x120.png"
23015,"Vorskla U19","https://cdn5.wyscout.com/photos/team/public/g23015_120x120.png"
23108,"Vorskla U21","https://cdn5.wyscout.com/photos/team/public/g23108_120x120.png"
2425,"Vorwärts Steyr","https://cdn5.wyscout.com/photos/team/public/g2425_120x120.png"
4693,"VVSB","https://cdn5.wyscout.com/photos/team/public/g4693_120x120.png"
1538,"VVV","https://cdn5.wyscout.com/photos/team/public/147_120x120.png"
23134,"VVV/Helmond Sport U19","https://cdn5.wyscout.com/photos/team/public/g23134_120x120.png"
250,"Waasland-Beveren","https://cdn5.wyscout.com/photos/team/public/1076_120x120.png"
25978,"Waasland-Beveren Res.","https://cdn5.wyscout.com/photos/team/public/g25978_120x120.png"
167,"Wacker Innsbruck","https://cdn5.wyscout.com/photos/team/public/428_120x120.png"
10935,"Wacker Innsbruck II","https://cdn5.wyscout.com/photos/team/public/g10935_120x120.png"
1181,"Waterford United","https://cdn5.wyscout.com/photos/team/public/g1181_120x120.png"
2930,"Wattens","https://cdn5.wyscout.com/photos/team/public/g2930_120x120.png"
1036,"Wattenscheid 09","https://cdn5.wyscout.com/photos/team/public/g1036_120x120.png"
8733,"Wels","https://cdn5.wyscout.com/photos/team/public/g8733_120x120.png"
231,"Westerlo","https://cdn5.wyscout.com/photos/team/public/525_120x120.png"
4692,"Westlandia","https://cdn5.wyscout.com/photos/team/public/g4692_120x120.png"
17500,"Whitecaps","https://cdn5.wyscout.com/photos/team/public/3270_120x120.png"
10847,"Wiener Neustadt","https://cdn5.wyscout.com/photos/team/public/1191_120x120.png"
2183,"Wil","https://cdn5.wyscout.com/photos/team/public/1149_120x120.png"
1521,"Willem II","https://cdn5.wyscout.com/photos/team/public/156_120x120.png"
38225,"Willem II U19","https://cdn5.wyscout.com/photos/team/public/g38225_120x120.png"
22878,"Willem II U23","https://cdn5.wyscout.com/photos/team/public/g22878_120x120.png"
2198,"Winterthur","https://cdn5.wyscout.com/photos/team/public/1148_120x120.png"
21579,"Wolfsberger AC","https://cdn5.wyscout.com/photos/team/public/g21579_120x120.png"
10951,"Wolfsberger AC II","https://cdn5.wyscout.com/photos/team/public/g10951_120x120.png"
37178,"Wolverhampton U23","https://cdn5.wyscout.com/photos/team/public/g37178_120x120.png"
680,"Wolverhampton Wanderers","https://cdn5.wyscout.com/photos/team/public/319_120x120.png"
1047,"Xanthi","https://cdn5.wyscout.com/photos/team/public/436_120x120.png"
11710,"Yeni Malatyaspor","https://cdn5.wyscout.com/photos/team/public/3283_120x120.png"
37618,"Yeni Malatyaspor U19","https://cdn5.wyscout.com/photos/team/public/g37618_120x120.png"
39826,"Yeni Malatyaspor U21","https://cdn5.wyscout.com/photos/team/public/g39826_120x120.png"
39791,"Yeni Orduspor","https://cdn5.wyscout.com/photos/team/public/g39791_120x120.png"
4094,"Yenisey","https://cdn5.wyscout.com/photos/team/public/3622_120x120.png"
-8804,"Yenisey U21","https://cdn5.wyscout.com/photos/team/public/g-8804_120x120.png"
735,"Yeovil Town","https://cdn5.wyscout.com/photos/team/public/1168_120x120.png"
2959,"YF Juventus","https://cdn5.wyscout.com/photos/team/public/g2959_120x120.png"
2175,"Young Boys","https://cdn5.wyscout.com/photos/team/public/580_120x120.png"
-9106,"Young Boys U19","https://cdn5.wyscout.com/photos/team/public/g-9106_120x120.png"
3460,"Zamalek","https://cdn5.wyscout.com/photos/team/public/1254_120x120.png"
1841,"Zenit","https://cdn5.wyscout.com/photos/team/public/1020_120x120.png"
15231,"Zenit Irkutsk","https://cdn5.wyscout.com/photos/team/public/g15231_120x120.png"
18739,"Zenit Izhevsk","https://cdn5.wyscout.com/photos/team/public/g18739_120x120.png"
18838,"Zenit St. Petersburg II","https://cdn5.wyscout.com/photos/team/public/g18838_120x120.png"
23161,"Zenit St. Petersburg U21","https://cdn5.wyscout.com/photos/team/public/g23161_120x120.png"
36814,"Zhemchuzhyna Odesa","https://cdn5.wyscout.com/photos/team/public/g36814_120x120.png"
9063,"Zirka","https://cdn5.wyscout.com/photos/team/public/4058_120x120.png"
36727,"Zirka U21","https://cdn5.wyscout.com/photos/team/public/g36727_120x120.png"
8374,"Znamya Truda","https://cdn5.wyscout.com/photos/team/public/g8374_120x120.png"
571,"Znojmo","https://cdn5.wyscout.com/photos/team/public/g571_120x120.png"
8388,"Zorkiy","https://cdn5.wyscout.com/photos/team/public/g8388_120x120.png"
3704,"Zorya","https://cdn5.wyscout.com/photos/team/public/1042_120x120.png"
23023,"Zorya Luhansk U19","https://cdn5.wyscout.com/photos/team/public/g23023_120x120.png"
23099,"Zorya Luhansk U21","https://cdn5.wyscout.com/photos/team/public/g23099_120x120.png"
8775,"Zug","https://cdn5.wyscout.com/photos/team/public/g8775_120x120.png"
236,"Zulte-Waregem","https://cdn5.wyscout.com/photos/team/public/524_120x120.png"
25979,"Zulte-Waregem Res.","https://cdn5.wyscout.com/photos/team/public/g25979_120x120.png"
2179,"Zürich","https://cdn5.wyscout.com/photos/team/public/581_120x120.png"
8762,"Zürich II","https://cdn5.wyscout.com/photos/team/public/g8762_120x120.png"
37533,"Zürich U19","https://cdn5.wyscout.com/photos/team/public/g37533_120x120.png"
-8825,"Zvezda Perm","https://cdn5.wyscout.com/photos/team/public/g-8825_120x120.png"
