"id","name","competition_id","logo"
1514,"ADO Den Haag","1","https://cdn5.wyscout.com/photos/team/public/850_120x120.png"
1515,"Ajax","1","https://cdn5.wyscout.com/photos/team/public/139_120x120.png"
1516,"AZ","1","https://cdn5.wyscout.com/photos/team/public/151_120x120.png"
1537,"De Graafschap","1","https://cdn5.wyscout.com/photos/team/public/153_120x120.png"
1539,"Emmen","1","https://cdn5.wyscout.com/photos/team/public/853_120x120.png"
1532,"Excelsior","1","https://cdn5.wyscout.com/photos/team/public/155_120x120.png"
1518,"Feyenoord","1","https://cdn5.wyscout.com/photos/team/public/141_120x120.png"
1551,"Fortuna Sittard","1","https://cdn5.wyscout.com/photos/team/public/860_120x120.png"
1527,"Groningen","1","https://cdn5.wyscout.com/photos/team/public/143_120x120.png"
1519,"Heerenveen","1","https://cdn5.wyscout.com/photos/team/public/144_120x120.png"
1536,"Heracles","1","https://cdn5.wyscout.com/photos/team/public/154_120x120.png"
1524,"NAC Breda","1","https://cdn5.wyscout.com/photos/team/public/146_120x120.png"
1529,"PEC Zwolle","1","https://cdn5.wyscout.com/photos/team/public/848_120x120.png"
1517,"PSV","1","https://cdn5.wyscout.com/photos/team/public/140_120x120.png"
1523,"Utrecht","1","https://cdn5.wyscout.com/photos/team/public/150_120x120.png"
1530,"Vitesse","1","https://cdn5.wyscout.com/photos/team/public/142_120x120.png"
1538,"VVV","1","https://cdn5.wyscout.com/photos/team/public/147_120x120.png"
1521,"Willem II","1","https://cdn5.wyscout.com/photos/team/public/156_120x120.png"
1690,"Académica","100","https://cdn5.wyscout.com/photos/team/public/168_120x120.png"
1737,"Academico Viseu","100","https://cdn5.wyscout.com/photos/team/public/g1737_120x120.png"
11611,"Arouca","100","https://cdn5.wyscout.com/photos/team/public/2598_120x120.png"
2891,"Benfica II","100","https://cdn5.wyscout.com/photos/team/public/g2891_120x120.png"
10123,"Cova Piedade","100","https://cdn5.wyscout.com/photos/team/public/g10123_120x120.png"
1695,"Estoril","100","https://cdn5.wyscout.com/photos/team/public/1542_120x120.png"
2752,"Famalicão","100","https://cdn5.wyscout.com/photos/team/public/4103_120x120.png"
1729,"Farense","100","https://cdn5.wyscout.com/photos/team/public/g1729_120x120.png"
1707,"Leixões","100","https://cdn5.wyscout.com/photos/team/public/169_120x120.png"
1721,"Mafra","100","https://cdn5.wyscout.com/photos/team/public/2249_120x120.png"
1693,"Paços de Ferreira","100","https://cdn5.wyscout.com/photos/team/public/171_120x120.png"
1697,"Penafiel","100","https://cdn5.wyscout.com/photos/team/public/1964_120x120.png"
1756,"Porto II","100","https://cdn5.wyscout.com/photos/team/public/g1756_120x120.png"
1758,"Sporting Braga II","100","https://cdn5.wyscout.com/photos/team/public/g1758_120x120.png"
1712,"Sporting Covilhã","100","https://cdn5.wyscout.com/photos/team/public/1543_120x120.png"
1740,"UD Oliveirense","100","https://cdn5.wyscout.com/photos/team/public/g1740_120x120.png"
1698,"Varzim","100","https://cdn5.wyscout.com/photos/team/public/1538_120x120.png"
21775,"Vitória Guimarães II","100","https://cdn5.wyscout.com/photos/team/public/g21775_120x120.png"
1042,"AEK Athens","107","https://cdn5.wyscout.com/photos/team/public/430_120x120.png"
1063,"Apollon Smirnis","107","https://cdn5.wyscout.com/photos/team/public/g1063_120x120.png"
1051,"Aris","107","https://cdn5.wyscout.com/photos/team/public/432_120x120.png"
5693,"Asteras Tripolis","107","https://cdn5.wyscout.com/photos/team/public/433_120x120.png"
1067,"Atromitos","107","https://cdn5.wyscout.com/photos/team/public/1549_120x120.png"
3030,"Lamia","107","https://cdn5.wyscout.com/photos/team/public/g3030_120x120.png"
1071,"Larissa","107","https://cdn5.wyscout.com/photos/team/public/435_120x120.png"
1062,"Levadiakos","107","https://cdn5.wyscout.com/photos/team/public/440_120x120.png"
1048,"OFI","107","https://cdn5.wyscout.com/photos/team/public/439_120x120.png"
1040,"Olympiakos Piraeus","107","https://cdn5.wyscout.com/photos/team/public/429_120x120.png"
2939,"Panaitolikos","107","https://cdn5.wyscout.com/photos/team/public/2346_120x120.png"
1039,"Panathinaikos","107","https://cdn5.wyscout.com/photos/team/public/431_120x120.png"
1044,"Panionios","107","https://cdn5.wyscout.com/photos/team/public/434_120x120.png"
1041,"PAOK","107","https://cdn5.wyscout.com/photos/team/public/437_120x120.png"
1068,"PAS Giannina","107","https://cdn5.wyscout.com/photos/team/public/1551_120x120.png"
1047,"Xanthi","107","https://cdn5.wyscout.com/photos/team/public/436_120x120.png"
22933,"AaB U19","1072","https://cdn5.wyscout.com/photos/team/public/g22933_120x120.png"
24562,"AGF U19","1072","https://cdn5.wyscout.com/photos/team/public/g24562_120x120.png"
22937,"Brøndby U19","1072","https://cdn5.wyscout.com/photos/team/public/g22937_120x120.png"
22938,"Esbjerg U19","1072","https://cdn5.wyscout.com/photos/team/public/g22938_120x120.png"
22935,"København U19","1072","https://cdn5.wyscout.com/photos/team/public/g22935_120x120.png"
22934,"Lyngby U19","1072","https://cdn5.wyscout.com/photos/team/public/g22934_120x120.png"
22932,"Midtjylland U19","1072","https://cdn5.wyscout.com/photos/team/public/g22932_120x120.png"
22930,"Nordsjælland U19","1072","https://cdn5.wyscout.com/photos/team/public/g22930_120x120.png"
22929,"Odense U19","1072","https://cdn5.wyscout.com/photos/team/public/g22929_120x120.png"
22939,"Silkeborg U19","1072","https://cdn5.wyscout.com/photos/team/public/g22939_120x120.png"
22941,"SønderjyskE U19","1072","https://cdn5.wyscout.com/photos/team/public/g22941_120x120.png"
22936,"Vejle U19","1072","https://cdn5.wyscout.com/photos/team/public/g22936_120x120.png"
23114,"Arsenal Kyiv U21","1083","https://cdn5.wyscout.com/photos/team/public/g23114_120x120.png"
23111,"Chornomorets U21","1083","https://cdn5.wyscout.com/photos/team/public/g23111_120x120.png"
23105,"Dynamo Kyiv U21","1083","https://cdn5.wyscout.com/photos/team/public/g23105_120x120.png"
-8711,"FK Desna Chernihiv U21","1083","https://cdn5.wyscout.com/photos/team/public/g-8711_120x120.png"
-8712,"FK Lviv U21","1083","https://cdn5.wyscout.com/photos/team/public/g-8712_120x120.png"
23106,"FK Mariupol U21","1083","https://cdn5.wyscout.com/photos/team/public/g23106_120x120.png"
23110,"Karpaty Lviv U21","1083","https://cdn5.wyscout.com/photos/team/public/g23110_120x120.png"
33834,"Oleksandria U21","1083","https://cdn5.wyscout.com/photos/team/public/g33834_120x120.png"
29809,"Olimpik Donetsk U21","1083","https://cdn5.wyscout.com/photos/team/public/g29809_120x120.png"
23101,"Shakhtar Donetsk U21","1083","https://cdn5.wyscout.com/photos/team/public/g23101_120x120.png"
23108,"Vorskla U21","1083","https://cdn5.wyscout.com/photos/team/public/g23108_120x120.png"
23099,"Zorya Luhansk U21","1083","https://cdn5.wyscout.com/photos/team/public/g23099_120x120.png"
23186,"Anzhi U21","1087","https://cdn5.wyscout.com/photos/team/public/g23186_120x120.png"
29467,"Arsenal Tula U21","1087","https://cdn5.wyscout.com/photos/team/public/g29467_120x120.png"
23162,"CSKA Moskva U21","1087","https://cdn5.wyscout.com/photos/team/public/g23162_120x120.png"
23159,"Dinamo Moskva U21","1087","https://cdn5.wyscout.com/photos/team/public/g23159_120x120.png"
23167,"FC Akhmat U21","1087","https://cdn5.wyscout.com/photos/team/public/g23167_120x120.png"
23173,"Krasnodar U21","1087","https://cdn5.wyscout.com/photos/team/public/g23173_120x120.png"
23171,"Krylya Sovetov U21","1087","https://cdn5.wyscout.com/photos/team/public/g23171_120x120.png"
23164,"Lokomotiv Moskva U21","1087","https://cdn5.wyscout.com/photos/team/public/g23164_120x120.png"
37112,"Orenburg U21","1087","https://cdn5.wyscout.com/photos/team/public/g37112_120x120.png"
23172,"Rostov U21","1087","https://cdn5.wyscout.com/photos/team/public/g23172_120x120.png"
23163,"Rubin Kazan' U21","1087","https://cdn5.wyscout.com/photos/team/public/g23163_120x120.png"
23160,"Spartak Moskva U21","1087","https://cdn5.wyscout.com/photos/team/public/g23160_120x120.png"
29471,"Ufa U21","1087","https://cdn5.wyscout.com/photos/team/public/g29471_120x120.png"
24847,"Ural U21","1087","https://cdn5.wyscout.com/photos/team/public/g24847_120x120.png"
-8804,"Yenisey U21","1087","https://cdn5.wyscout.com/photos/team/public/g-8804_120x120.png"
23161,"Zenit St. Petersburg U21","1087","https://cdn5.wyscout.com/photos/team/public/g23161_120x120.png"
24041,"AGF Res.","1120","https://cdn5.wyscout.com/photos/team/public/g24041_120x120.png"
28849,"Hobro Res.","1120","https://cdn5.wyscout.com/photos/team/public/g28849_120x120.png"
24028,"København Res.","1120","https://cdn5.wyscout.com/photos/team/public/g24028_120x120.png"
24028,"København Res.","1120","https://cdn5.wyscout.com/photos/team/public/g24028_120x120.png"
25983,"AaB U17","1189","https://cdn5.wyscout.com/photos/team/public/g25983_120x120.png"
25986,"AGF U17","1189","https://cdn5.wyscout.com/photos/team/public/g25986_120x120.png"
25987,"Brøndby U17","1189","https://cdn5.wyscout.com/photos/team/public/g25987_120x120.png"
25989,"Esbjerg U17","1189","https://cdn5.wyscout.com/photos/team/public/g25989_120x120.png"
25985,"København U17","1189","https://cdn5.wyscout.com/photos/team/public/g25985_120x120.png"
25993,"Lyngby U17","1189","https://cdn5.wyscout.com/photos/team/public/g25993_120x120.png"
25980,"Midtjylland U17","1189","https://cdn5.wyscout.com/photos/team/public/g25980_120x120.png"
25990,"Nordsjælland U17","1189","https://cdn5.wyscout.com/photos/team/public/g25990_120x120.png"
25984,"Odense U17","1189","https://cdn5.wyscout.com/photos/team/public/g25984_120x120.png"
25981,"Randers Freja U17","1189","https://cdn5.wyscout.com/photos/team/public/g25981_120x120.png"
25988,"Silkeborg U17","1189","https://cdn5.wyscout.com/photos/team/public/g25988_120x120.png"
-8869,"SønderjyskE U17","1189","https://cdn5.wyscout.com/photos/team/public/g-8869_120x120.png"
25982,"Vejle U17","1189","https://cdn5.wyscout.com/photos/team/public/g25982_120x120.png"
1868,"Anzhi","121","https://cdn5.wyscout.com/photos/team/public/1035_120x120.png"
1863,"Arsenal Tula","121","https://cdn5.wyscout.com/photos/team/public/g1863_120x120.png"
1842,"CSKA Moskva","121","https://cdn5.wyscout.com/photos/team/public/1015_120x120.png"
1845,"Dinamo Moskva","121","https://cdn5.wyscout.com/photos/team/public/1013_120x120.png"
1856,"FC Akhmat","121","https://cdn5.wyscout.com/photos/team/public/1017_120x120.png"
10610,"Krasnodar","121","https://cdn5.wyscout.com/photos/team/public/1741_120x120.png"
1848,"Krylya Sovetov","121","https://cdn5.wyscout.com/photos/team/public/1016_120x120.png"
1843,"Lokomotiv Moskva","121","https://cdn5.wyscout.com/photos/team/public/1012_120x120.png"
4049,"Orenburg","121","https://cdn5.wyscout.com/photos/team/public/3621_120x120.png"
1854,"Rostov","121","https://cdn5.wyscout.com/photos/team/public/1578_120x120.png"
1852,"Rubin Kazan'","121","https://cdn5.wyscout.com/photos/team/public/1009_120x120.png"
1844,"Spartak Moskva","121","https://cdn5.wyscout.com/photos/team/public/1011_120x120.png"
13204,"Ufa","121","https://cdn5.wyscout.com/photos/team/public/g13204_120x120.png"
3750,"Ural","121","https://cdn5.wyscout.com/photos/team/public/1651_120x120.png"
4094,"Yenisey","121","https://cdn5.wyscout.com/photos/team/public/3622_120x120.png"
1841,"Zenit","121","https://cdn5.wyscout.com/photos/team/public/1020_120x120.png"
13207,"Armavir","122","https://cdn5.wyscout.com/photos/team/public/3776_120x120.png"
3747,"Avangard Kursk","122","https://cdn5.wyscout.com/photos/team/public/2639_120x120.png"
1875,"Baltika","122","https://cdn5.wyscout.com/photos/team/public/1653_120x120.png"
15161,"Chertanovo","122","https://cdn5.wyscout.com/photos/team/public/g15161_120x120.png"
3748,"Fakel","122","https://cdn5.wyscout.com/photos/team/public/3584_120x120.png"
1867,"Khimki","122","https://cdn5.wyscout.com/photos/team/public/1024_120x120.png"
24541,"Krasnodar II","122","https://cdn5.wyscout.com/photos/team/public/g24541_120x120.png"
1860,"Luch Vladivostok","122","https://cdn5.wyscout.com/photos/team/public/1023_120x120.png"
3970,"Mordovia Saransk","122","https://cdn5.wyscout.com/photos/team/public/2638_120x120.png"
29493,"Nizhny Novgorod","122","https://cdn5.wyscout.com/photos/team/public/g29493_120x120.png"
13206,"Rotor Volgograd","122","https://cdn5.wyscout.com/photos/team/public/2404_120x120.png"
1850,"Shinnik","122","https://cdn5.wyscout.com/photos/team/public/1022_120x120.png"
6559,"Sibir","122","https://cdn5.wyscout.com/photos/team/public/1660_120x120.png"
1872,"SKA-Khabarovsk","122","https://cdn5.wyscout.com/photos/team/public/1654_120x120.png"
18401,"Sochi","122","https://cdn5.wyscout.com/photos/team/public/g18401_120x120.png"
15156,"Spartak Moskva II","122","https://cdn5.wyscout.com/photos/team/public/g15156_120x120.png"
24539,"Tambov","122","https://cdn5.wyscout.com/photos/team/public/g24539_120x120.png"
1870,"Tom' Tomsk","122","https://cdn5.wyscout.com/photos/team/public/1019_120x120.png"
6637,"Tyumen","122","https://cdn5.wyscout.com/photos/team/public/g6637_120x120.png"
18838,"Zenit St. Petersburg II","122","https://cdn5.wyscout.com/photos/team/public/g18838_120x120.png"
2259,"Arsenal Kyiv","125","https://cdn5.wyscout.com/photos/team/public/1043_120x120.png"
2257,"Chornomorets","125","https://cdn5.wyscout.com/photos/team/public/1039_120x120.png"
6954,"Desna","125","https://cdn5.wyscout.com/photos/team/public/g6954_120x120.png"
2253,"Dynamo Kyiv","125","https://cdn5.wyscout.com/photos/team/public/1036_120x120.png"
2260,"FK Mariupol","125","https://cdn5.wyscout.com/photos/team/public/1047_120x120.png"
2267,"Karpaty","125","https://cdn5.wyscout.com/photos/team/public/1051_120x120.png"
6956,"Lviv","125","https://cdn5.wyscout.com/photos/team/public/1041_120x120.png"
6957,"Oleksandria","125","https://cdn5.wyscout.com/photos/team/public/3750_120x120.png"
7122,"Olimpik Donetsk","125","https://cdn5.wyscout.com/photos/team/public/3958_120x120.png"
2254,"Shakhtar Donetsk","125","https://cdn5.wyscout.com/photos/team/public/1037_120x120.png"
2265,"Vorskla","125","https://cdn5.wyscout.com/photos/team/public/1049_120x120.png"
3704,"Zorya","125","https://cdn5.wyscout.com/photos/team/public/1042_120x120.png"
30227,"Akhisar Belediye U21","1403","https://cdn5.wyscout.com/photos/team/public/g30227_120x120.png"
37123,"Alanyaspor U21","1403","https://cdn5.wyscout.com/photos/team/public/g37123_120x120.png"
40165,"Ankaragücü U21","1403","https://cdn5.wyscout.com/photos/team/public/g40165_120x120.png"
34611,"Antalyaspor U21","1403","https://cdn5.wyscout.com/photos/team/public/g34611_120x120.png"
40166,"BB Erzurumspor U21","1403","https://cdn5.wyscout.com/photos/team/public/g40166_120x120.png"
30231,"Besiktas U21","1403","https://cdn5.wyscout.com/photos/team/public/g30231_120x120.png"
30233,"Bursaspor U21","1403","https://cdn5.wyscout.com/photos/team/public/g30233_120x120.png"
30239,"Fenerbahçe U21","1403","https://cdn5.wyscout.com/photos/team/public/g30239_120x120.png"
30241,"Galatasaray U21","1403","https://cdn5.wyscout.com/photos/team/public/g30241_120x120.png"
39825,"Göztepe U21","1403","https://cdn5.wyscout.com/photos/team/public/g39825_120x120.png"
30247,"Istanbul Basaksehir U21","1403","https://cdn5.wyscout.com/photos/team/public/g30247_120x120.png"
30251,"Kasimpasa U21","1403","https://cdn5.wyscout.com/photos/team/public/g30251_120x120.png"
34609,"Kayserispor U21","1403","https://cdn5.wyscout.com/photos/team/public/g34609_120x120.png"
30235,"Rizespor U21","1403","https://cdn5.wyscout.com/photos/team/public/g30235_120x120.png"
30257,"Sivasspor U21","1403","https://cdn5.wyscout.com/photos/team/public/g30257_120x120.png"
30259,"Torku Konyaspor U21","1403","https://cdn5.wyscout.com/photos/team/public/g30259_120x120.png"
30261,"Trabzonspor U21","1403","https://cdn5.wyscout.com/photos/team/public/g30261_120x120.png"
39826,"Yeni Malatyaspor U21","1403","https://cdn5.wyscout.com/photos/team/public/g39826_120x120.png"
4694,"AFC","1484","https://cdn5.wyscout.com/photos/team/public/g4694_120x120.png"
24775,"Almere City U23","1484","https://cdn5.wyscout.com/photos/team/public/g24775_120x120.png"
4725,"Barendrecht","1484","https://cdn5.wyscout.com/photos/team/public/g4725_120x120.png"
4716,"De Treffers","1484","https://cdn5.wyscout.com/photos/team/public/g4716_120x120.png"
4654,"Excelsior Maassluis","1484","https://cdn5.wyscout.com/photos/team/public/g4654_120x120.png"
4658,"GVVV","1484","https://cdn5.wyscout.com/photos/team/public/4424_120x120.png"
4669,"HHC","1484","https://cdn5.wyscout.com/photos/team/public/g4669_120x120.png"
4659,"IJsselmeervogels","1484","https://cdn5.wyscout.com/photos/team/public/g4659_120x120.png"
4643,"Katwijk","1484","https://cdn5.wyscout.com/photos/team/public/g4643_120x120.png"
16631,"Koninklijke HFC","1484","https://cdn5.wyscout.com/photos/team/public/g16631_120x120.png"
4660,"Kozakken Boys","1484","https://cdn5.wyscout.com/photos/team/public/g4660_120x120.png"
7243,"Lienden","1484","https://cdn5.wyscout.com/photos/team/public/g7243_120x120.png"
4648,"Rijnsburgse Boys","1484","https://cdn5.wyscout.com/photos/team/public/g4648_120x120.png"
4649,"Scheveningen","1484","https://cdn5.wyscout.com/photos/team/public/g4649_120x120.png"
4662,"Spakenburg","1484","https://cdn5.wyscout.com/photos/team/public/3027_120x120.png"
18779,"Sparta Rotterdam U23","1484","https://cdn5.wyscout.com/photos/team/public/g18779_120x120.png"
22885,"Vitesse U23","1484","https://cdn5.wyscout.com/photos/team/public/g22885_120x120.png"
4693,"VVSB","1484","https://cdn5.wyscout.com/photos/team/public/g4693_120x120.png"
11703,"Akhisar Belediyespor","19","https://cdn5.wyscout.com/photos/team/public/2906_120x120.png"
7285,"Alanyaspor","19","https://cdn5.wyscout.com/photos/team/public/g7285_120x120.png"
2218,"Ankaragücü","19","https://cdn5.wyscout.com/photos/team/public/822_120x120.png"
2236,"Antalyaspor","19","https://cdn5.wyscout.com/photos/team/public/1189_120x120.png"
19670,"BB Erzurumspor","19","https://cdn5.wyscout.com/photos/team/public/g19670_120x120.png"
2214,"Besiktas","19","https://cdn5.wyscout.com/photos/team/public/471_120x120.png"
2227,"Bursaspor","19","https://cdn5.wyscout.com/photos/team/public/827_120x120.png"
2212,"Fenerbahçe","19","https://cdn5.wyscout.com/photos/team/public/470_120x120.png"
2217,"Galatasaray","19","https://cdn5.wyscout.com/photos/team/public/469_120x120.png"
2247,"Göztepe","19","https://cdn5.wyscout.com/photos/team/public/3932_120x120.png"
2884,"Istanbul Basaksehir","19","https://cdn5.wyscout.com/photos/team/public/826_120x120.png"
6900,"Kasimpasa","19","https://cdn5.wyscout.com/photos/team/public/1252_120x120.png"
2235,"Kayserispor","19","https://cdn5.wyscout.com/photos/team/public/819_120x120.png"
2223,"Konyaspor","19","https://cdn5.wyscout.com/photos/team/public/828_120x120.png"
2224,"Rizespor","19","https://cdn5.wyscout.com/photos/team/public/1251_120x120.png"
2238,"Sivasspor","19","https://cdn5.wyscout.com/photos/team/public/818_120x120.png"
2213,"Trabzonspor","19","https://cdn5.wyscout.com/photos/team/public/820_120x120.png"
11710,"Yeni Malatyaspor","19","https://cdn5.wyscout.com/photos/team/public/3283_120x120.png"
39592,"Ahrobiznes Volochysk","233","https://cdn5.wyscout.com/photos/team/public/g39592_120x120.png"
19211,"Avanhard","233","https://cdn5.wyscout.com/photos/team/public/g19211_120x120.png"
33979,"Balkany Zorya","233","https://cdn5.wyscout.com/photos/team/public/g33979_120x120.png"
39569,"Dnipro-1","233","https://cdn5.wyscout.com/photos/team/public/g39569_120x120.png"
9058,"Hirnyk-Sport","233","https://cdn5.wyscout.com/photos/team/public/g9058_120x120.png"
33980,"Inhulets","233","https://cdn5.wyscout.com/photos/team/public/g33980_120x120.png"
4623,"Kobra Kharkiv","233","https://cdn5.wyscout.com/photos/team/public/3918_120x120.png"
33977,"Kolos Kovalivka","233","https://cdn5.wyscout.com/photos/team/public/g33977_120x120.png"
39566,"Metalist 1925 Kharkiv","233","https://cdn5.wyscout.com/photos/team/public/g39566_120x120.png"
3694,"Mykolaiv","233","https://cdn5.wyscout.com/photos/team/public/4054_120x120.png"
24578,"Obolon'-Brovar","233","https://cdn5.wyscout.com/photos/team/public/g24578_120x120.png"
36980,"Prykarpattia","233","https://cdn5.wyscout.com/photos/team/public/g36980_120x120.png"
36815,"Rukh Vynnyky","233","https://cdn5.wyscout.com/photos/team/public/g36815_120x120.png"
7119,"Sumy","233","https://cdn5.wyscout.com/photos/team/public/4056_120x120.png"
2261,"Volyn","233","https://cdn5.wyscout.com/photos/team/public/2601_120x120.png"
9063,"Zirka","233","https://cdn5.wyscout.com/photos/team/public/4058_120x120.png"
215,"Anderlecht","24","https://cdn5.wyscout.com/photos/team/public/481_120x120.png"
233,"Antwerp","24","https://cdn5.wyscout.com/photos/team/public/1071_120x120.png"
217,"Cercle Brugge","24","https://cdn5.wyscout.com/photos/team/public/511_120x120.png"
219,"Club Brugge","24","https://cdn5.wyscout.com/photos/team/public/510_120x120.png"
228,"Genk","24","https://cdn5.wyscout.com/photos/team/public/522_120x120.png"
214,"Gent","24","https://cdn5.wyscout.com/photos/team/public/517_120x120.png"
245,"KAS Eupen","24","https://cdn5.wyscout.com/photos/team/public/1079_120x120.png"
251,"Kortrijk","24","https://cdn5.wyscout.com/photos/team/public/1067_120x120.png"
227,"KV Oostende","24","https://cdn5.wyscout.com/photos/team/public/1083_120x120.png"
225,"Lokeren","24","https://cdn5.wyscout.com/photos/team/public/518_120x120.png"
6946,"Mouscron-Péruwelz","24","https://cdn5.wyscout.com/photos/team/public/g6946_120x120.png"
229,"Sint-Truiden","24","https://cdn5.wyscout.com/photos/team/public/521_120x120.png"
218,"Sporting Charleroi","24","https://cdn5.wyscout.com/photos/team/public/513_120x120.png"
230,"Standard Liège","24","https://cdn5.wyscout.com/photos/team/public/509_120x120.png"
250,"Waasland-Beveren","24","https://cdn5.wyscout.com/photos/team/public/1076_120x120.png"
236,"Zulte-Waregem","24","https://cdn5.wyscout.com/photos/team/public/524_120x120.png"
39749,"Akademiya Futbola","267","https://cdn5.wyscout.com/photos/team/public/g39749_120x120.png"
3949,"Angusht","267","https://cdn5.wyscout.com/photos/team/public/g3949_120x120.png"
15173,"Biolog","267","https://cdn5.wyscout.com/photos/team/public/g15173_120x120.png"
36850,"Chayka Peschanokopskoye","267","https://cdn5.wyscout.com/photos/team/public/g36850_120x120.png"
4015,"Chelyabinsk","267","https://cdn5.wyscout.com/photos/team/public/g4015_120x120.png"
1871,"Chernomorets","267","https://cdn5.wyscout.com/photos/team/public/1655_120x120.png"
-8820,"Chertanovo II","267","https://cdn5.wyscout.com/photos/team/public/g-8820_120x120.png"
6628,"Chita","267","https://cdn5.wyscout.com/photos/team/public/1736_120x120.png"
3951,"Dinamo Barnaul","267","https://cdn5.wyscout.com/photos/team/public/g3951_120x120.png"
1866,"Dinamo Bryansk","267","https://cdn5.wyscout.com/photos/team/public/2637_120x120.png"
6632,"Dinamo Stavropol","267","https://cdn5.wyscout.com/photos/team/public/g6632_120x120.png"
3959,"DNEPR Smolensk","267","https://cdn5.wyscout.com/photos/team/public/g3959_120x120.png"
15127,"Dolgoprudnyi","267","https://cdn5.wyscout.com/photos/team/public/g15127_120x120.png"
3954,"Druzhba","267","https://cdn5.wyscout.com/photos/team/public/g3954_120x120.png"
6643,"Irtysh","267","https://cdn5.wyscout.com/photos/team/public/g6643_120x120.png"
14976,"Kaluga","267","https://cdn5.wyscout.com/photos/team/public/g14976_120x120.png"
1861,"KAMAZ","267","https://cdn5.wyscout.com/photos/team/public/1650_120x120.png"
39860,"Kazanka","267","https://cdn5.wyscout.com/photos/team/public/g39860_120x120.png"
15145,"Khimik Novomoskovsk","267","https://cdn5.wyscout.com/photos/team/public/g15145_120x120.png"
15160,"Khimki II","267","https://cdn5.wyscout.com/photos/team/public/g15160_120x120.png"
15130,"Kolomna","267","https://cdn5.wyscout.com/photos/team/public/g15130_120x120.png"
-6498,"Krasnodar III","267","https://cdn5.wyscout.com/photos/team/public/g-6498_120x120.png"
15129,"Kvant","267","https://cdn5.wyscout.com/photos/team/public/g15129_120x120.png"
3965,"Lada Tolyatti","267","https://cdn5.wyscout.com/photos/team/public/g3965_120x120.png"
36659,"Legion Dynamo","267","https://cdn5.wyscout.com/photos/team/public/g36659_120x120.png"
-8821,"Leningradets","267","https://cdn5.wyscout.com/photos/team/public/g-8821_120x120.png"
39664,"Luki-Energiya","267","https://cdn5.wyscout.com/photos/team/public/g39664_120x120.png"
4093,"Mashuk-KMV","267","https://cdn5.wyscout.com/photos/team/public/g4093_120x120.png"
1864,"Metallurg Lipetsk","267","https://cdn5.wyscout.com/photos/team/public/1738_120x120.png"
36724,"Murom","267","https://cdn5.wyscout.com/photos/team/public/g36724_120x120.png"
1877,"Neftekhimik","267","https://cdn5.wyscout.com/photos/team/public/g1877_120x120.png"
4050,"Nosta","267","https://cdn5.wyscout.com/photos/team/public/1652_120x120.png"
10617,"Pskov 747","267","https://cdn5.wyscout.com/photos/team/public/g10617_120x120.png"
3975,"Rotor-2","267","https://cdn5.wyscout.com/photos/team/public/g3975_120x120.png"
3958,"Ryazan","267","https://cdn5.wyscout.com/photos/team/public/g3958_120x120.png"
8375,"Sakhalin","267","https://cdn5.wyscout.com/photos/team/public/g8375_120x120.png"
-8824,"Salyut-Belgorod","267","https://cdn5.wyscout.com/photos/team/public/g-8824_120x120.png"
1846,"Saturn Ramenskoye","267","https://cdn5.wyscout.com/photos/team/public/1018_120x120.png"
10629,"Sibir II","267","https://cdn5.wyscout.com/photos/team/public/g10629_120x120.png"
3982,"SKA","267","https://cdn5.wyscout.com/photos/team/public/1659_120x120.png"
1858,"Sokol Saratov","267","https://cdn5.wyscout.com/photos/team/public/g1858_120x120.png"
18588,"Spartak-Vladikavkaz","267","https://cdn5.wyscout.com/photos/team/public/g18588_120x120.png"
1857,"Spartak Nal'chik","267","https://cdn5.wyscout.com/photos/team/public/1014_120x120.png"
15158,"Strogino","267","https://cdn5.wyscout.com/photos/team/public/g15158_120x120.png"
15228,"Syzran-2003","267","https://cdn5.wyscout.com/photos/team/public/g15228_120x120.png"
3992,"Tekstilshchik","267","https://cdn5.wyscout.com/photos/team/public/g3992_120x120.png"
1840,"Torpedo Moskva","267","https://cdn5.wyscout.com/photos/team/public/2633_120x120.png"
3994,"Torpedo Vladimir","267","https://cdn5.wyscout.com/photos/team/public/3623_120x120.png"
18827,"Ufa II","267","https://cdn5.wyscout.com/photos/team/public/g18827_120x120.png"
15213,"Ural II","267","https://cdn5.wyscout.com/photos/team/public/g15213_120x120.png"
-8773,"Urozhay Krasnodar","267","https://cdn5.wyscout.com/photos/team/public/g-8773_120x120.png"
39747,"Veles","267","https://cdn5.wyscout.com/photos/team/public/g39747_120x120.png"
8377,"Volga Ulyanovsk","267","https://cdn5.wyscout.com/photos/team/public/g8377_120x120.png"
3744,"Volgar Astrakhan","267","https://cdn5.wyscout.com/photos/team/public/1739_120x120.png"
15231,"Zenit Irkutsk","267","https://cdn5.wyscout.com/photos/team/public/g15231_120x120.png"
18739,"Zenit Izhevsk","267","https://cdn5.wyscout.com/photos/team/public/g18739_120x120.png"
8374,"Znamya Truda","267","https://cdn5.wyscout.com/photos/team/public/g8374_120x120.png"
8388,"Zorkiy","267","https://cdn5.wyscout.com/photos/team/public/g8388_120x120.png"
-8825,"Zvezda Perm","267","https://cdn5.wyscout.com/photos/team/public/g-8825_120x120.png"
2174,"Basel","27","https://cdn5.wyscout.com/photos/team/public/475_120x120.png"
2178,"Grasshopper","27","https://cdn5.wyscout.com/photos/team/public/582_120x120.png"
2951,"Lugano","27","https://cdn5.wyscout.com/photos/team/public/1143_120x120.png"
2193,"Luzern","27","https://cdn5.wyscout.com/photos/team/public/584_120x120.png"
2182,"Neuchâtel Xamax","27","https://cdn5.wyscout.com/photos/team/public/586_120x120.png"
2189,"Sion","27","https://cdn5.wyscout.com/photos/team/public/585_120x120.png"
2177,"St. Gallen","27","https://cdn5.wyscout.com/photos/team/public/587_120x120.png"
2180,"Thun","27","https://cdn5.wyscout.com/photos/team/public/588_120x120.png"
2175,"Young Boys","27","https://cdn5.wyscout.com/photos/team/public/580_120x120.png"
2179,"Zürich","27","https://cdn5.wyscout.com/photos/team/public/581_120x120.png"
602,"AaB","30","https://cdn5.wyscout.com/photos/team/public/283_120x120.png"
605,"AGF","30","https://cdn5.wyscout.com/photos/team/public/292_120x120.png"
601,"Brøndby","30","https://cdn5.wyscout.com/photos/team/public/291_120x120.png"
599,"Esbjerg","30","https://cdn5.wyscout.com/photos/team/public/290_120x120.png"
4523,"Hobro","30","https://cdn5.wyscout.com/photos/team/public/2662_120x120.png"
613,"Horsens","30","https://cdn5.wyscout.com/photos/team/public/285_120x120.png"
600,"København","30","https://cdn5.wyscout.com/photos/team/public/284_120x120.png"
603,"Midtjylland","30","https://cdn5.wyscout.com/photos/team/public/286_120x120.png"
606,"Nordsjælland","30","https://cdn5.wyscout.com/photos/team/public/289_120x120.png"
608,"OB","30","https://cdn5.wyscout.com/photos/team/public/287_120x120.png"
610,"Randers","30","https://cdn5.wyscout.com/photos/team/public/288_120x120.png"
2990,"SønderjyskE","30","https://cdn5.wyscout.com/photos/team/public/796_120x120.png"
623,"Vejle","30","https://cdn5.wyscout.com/photos/team/public/g623_120x120.png"
639,"Vendsyssel","30","https://cdn5.wyscout.com/photos/team/public/2661_120x120.png"
11023,"FC Helsingør","39","https://cdn5.wyscout.com/photos/team/public/g11023_120x120.png"
619,"Fredericia","39","https://cdn5.wyscout.com/photos/team/public/2469_120x120.png"
621,"Fremad Amager","39","https://cdn5.wyscout.com/photos/team/public/g621_120x120.png"
13298,"HB Køge","39","https://cdn5.wyscout.com/photos/team/public/1941_120x120.png"
641,"Hvidovre","39","https://cdn5.wyscout.com/photos/team/public/2659_120x120.png"
635,"Lyngby","39","https://cdn5.wyscout.com/photos/team/public/2527_120x120.png"
625,"Næstved","39","https://cdn5.wyscout.com/photos/team/public/2501_120x120.png"
6717,"Nykøbing","39","https://cdn5.wyscout.com/photos/team/public/g6717_120x120.png"
2500,"Roskilde","39","https://cdn5.wyscout.com/photos/team/public/2656_120x120.png"
609,"Silkeborg","39","https://cdn5.wyscout.com/photos/team/public/1948_120x120.png"
4526,"Thisted","39","https://cdn5.wyscout.com/photos/team/public/g4526_120x120.png"
604,"Viborg","39","https://cdn5.wyscout.com/photos/team/public/2504_120x120.png"
10848,"Admira","49","https://cdn5.wyscout.com/photos/team/public/620_120x120.png"
158,"Austria Wien","49","https://cdn5.wyscout.com/photos/team/public/422_120x120.png"
6763,"Hartberg","49","https://cdn5.wyscout.com/photos/team/public/2105_120x120.png"
176,"LASK Linz","49","https://cdn5.wyscout.com/photos/team/public/421_120x120.png"
163,"Mattersburg","49","https://cdn5.wyscout.com/photos/team/public/424_120x120.png"
160,"Rapid Wien","49","https://cdn5.wyscout.com/photos/team/public/419_120x120.png"
2988,"Rheindorf Altach","49","https://cdn5.wyscout.com/photos/team/public/426_120x120.png"
165,"Salzburg","49","https://cdn5.wyscout.com/photos/team/public/420_120x120.png"
2424,"St. Pölten","49","https://cdn5.wyscout.com/photos/team/public/1356_120x120.png"
164,"Sturm Graz","49","https://cdn5.wyscout.com/photos/team/public/423_120x120.png"
167,"Wacker Innsbruck","49","https://cdn5.wyscout.com/photos/team/public/428_120x120.png"
21579,"Wolfsberger AC","49","https://cdn5.wyscout.com/photos/team/public/g21579_120x120.png"
4781,"Ajax II","5","https://cdn5.wyscout.com/photos/team/public/g4781_120x120.png"
4529,"Almere City","5","https://cdn5.wyscout.com/photos/team/public/857_120x120.png"
7253,"AZ II","5","https://cdn5.wyscout.com/photos/team/public/g7253_120x120.png"
1547,"Cambuur","5","https://cdn5.wyscout.com/photos/team/public/861_120x120.png"
1533,"Den Bosch","5","https://cdn5.wyscout.com/photos/team/public/847_120x120.png"
1548,"Dordrecht","5","https://cdn5.wyscout.com/photos/team/public/856_120x120.png"
1549,"Eindhoven","5","https://cdn5.wyscout.com/photos/team/public/863_120x120.png"
1540,"Go Ahead Eagles","5","https://cdn5.wyscout.com/photos/team/public/854_120x120.png"
1534,"Helmond Sport","5","https://cdn5.wyscout.com/photos/team/public/851_120x120.png"
1550,"MVV","5","https://cdn5.wyscout.com/photos/team/public/849_120x120.png"
1528,"NEC","5","https://cdn5.wyscout.com/photos/team/public/152_120x120.png"
4789,"PSV II","5","https://cdn5.wyscout.com/photos/team/public/g4789_120x120.png"
1526,"RKC Waalwijk","5","https://cdn5.wyscout.com/photos/team/public/846_120x120.png"
1520,"Roda JC","5","https://cdn5.wyscout.com/photos/team/public/148_120x120.png"
1535,"Sparta Rotterdam","5","https://cdn5.wyscout.com/photos/team/public/145_120x120.png"
1544,"Telstar","5","https://cdn5.wyscout.com/photos/team/public/858_120x120.png"
1542,"TOP Oss","5","https://cdn5.wyscout.com/photos/team/public/852_120x120.png"
1522,"Twente","5","https://cdn5.wyscout.com/photos/team/public/149_120x120.png"
22879,"Utrecht U23","5","https://cdn5.wyscout.com/photos/team/public/g22879_120x120.png"
1531,"Volendam","5","https://cdn5.wyscout.com/photos/team/public/845_120x120.png"
10902,"Amstetten","50","https://cdn5.wyscout.com/photos/team/public/g10902_120x120.png"
15756,"Austria Klagenfurt","50","https://cdn5.wyscout.com/photos/team/public/g15756_120x120.png"
168,"Austria Lustenau","50","https://cdn5.wyscout.com/photos/team/public/611_120x120.png"
4515,"Austria Wien II","50","https://cdn5.wyscout.com/photos/team/public/g4515_120x120.png"
2426,"Blau-Weiß Linz","50","https://cdn5.wyscout.com/photos/team/public/3026_120x120.png"
10964,"FC Juniors OÖ","50","https://cdn5.wyscout.com/photos/team/public/2634_120x120.png"
8722,"Floridsdorfer AC","50","https://cdn5.wyscout.com/photos/team/public/g8722_120x120.png"
7491,"Horn","50","https://cdn5.wyscout.com/photos/team/public/g7491_120x120.png"
170,"Kapfenberger SV","50","https://cdn5.wyscout.com/photos/team/public/613_120x120.png"
19140,"Lafnitz","50","https://cdn5.wyscout.com/photos/team/public/g19140_120x120.png"
8738,"Liefering","50","https://cdn5.wyscout.com/photos/team/public/g8738_120x120.png"
171,"Ried","50","https://cdn5.wyscout.com/photos/team/public/425_120x120.png"
2425,"Vorwärts Steyr","50","https://cdn5.wyscout.com/photos/team/public/g2425_120x120.png"
10935,"Wacker Innsbruck II","50","https://cdn5.wyscout.com/photos/team/public/g10935_120x120.png"
2930,"Wattens","50","https://cdn5.wyscout.com/photos/team/public/g2930_120x120.png"
10847,"Wiener Neustadt","50","https://cdn5.wyscout.com/photos/team/public/1191_120x120.png"
11723,"Beerschot-Wilrijk","52","https://cdn5.wyscout.com/photos/team/public/g11723_120x120.png"
268,"Lommel SK","52","https://cdn5.wyscout.com/photos/team/public/2644_120x120.png"
256,"Mechelen","52","https://cdn5.wyscout.com/photos/team/public/519_120x120.png"
267,"OH Leuven","52","https://cdn5.wyscout.com/photos/team/public/1069_120x120.png"
234,"SV Roeselare","52","https://cdn5.wyscout.com/photos/team/public/523_120x120.png"
235,"Tubize","52","https://cdn5.wyscout.com/photos/team/public/1068_120x120.png"
266,"Union Saint-Gilloise","52","https://cdn5.wyscout.com/photos/team/public/g266_120x120.png"
231,"Westerlo","52","https://cdn5.wyscout.com/photos/team/public/525_120x120.png"
9001,"Bukovyna","559","https://cdn5.wyscout.com/photos/team/public/4052_120x120.png"
29991,"Chayka","559","https://cdn5.wyscout.com/photos/team/public/g29991_120x120.png"
19207,"Cherkashchyna-Akademiya","559","https://cdn5.wyscout.com/photos/team/public/g19207_120x120.png"
15937,"Enerhiya Nova Kakhovka","559","https://cdn5.wyscout.com/photos/team/public/g15937_120x120.png"
-8813,"FC Minai","559","https://cdn5.wyscout.com/photos/team/public/g-8813_120x120.png"
-8882,"FK Nyva Ternopil","559","https://cdn5.wyscout.com/photos/team/public/g-8882_120x120.png"
9055,"Hirnyk","559","https://cdn5.wyscout.com/photos/team/public/g9055_120x120.png"
-8811,"Kalush FK","559","https://cdn5.wyscout.com/photos/team/public/g-8811_120x120.png"
9057,"Kremin'","559","https://cdn5.wyscout.com/photos/team/public/4050_120x120.png"
19205,"Krystal","559","https://cdn5.wyscout.com/photos/team/public/g19205_120x120.png"
36979,"Metalurh Zaporizhya","559","https://cdn5.wyscout.com/photos/team/public/g36979_120x120.png"
39568,"Mykolaiv II","559","https://cdn5.wyscout.com/photos/team/public/g39568_120x120.png"
19212,"Myr","559","https://cdn5.wyscout.com/photos/team/public/g19212_120x120.png"
19203,"Nikopol","559","https://cdn5.wyscout.com/photos/team/public/g19203_120x120.png"
3369,"Nyva Vinnytsya","559","https://cdn5.wyscout.com/photos/team/public/4122_120x120.png"
36813,"Podillya Khmelnytskyi","559","https://cdn5.wyscout.com/photos/team/public/g36813_120x120.png"
3698,"Polessya","559","https://cdn5.wyscout.com/photos/team/public/g3698_120x120.png"
19204,"Real Pharm","559","https://cdn5.wyscout.com/photos/team/public/g19204_120x120.png"
2264,"Tavriya","559","https://cdn5.wyscout.com/photos/team/public/1045_120x120.png"
-8812,"Veres","559","https://cdn5.wyscout.com/photos/team/public/g-8812_120x120.png"
1692,"Belenenses","63","https://cdn5.wyscout.com/photos/team/public/163_120x120.png"
1679,"Benfica","63","https://cdn5.wyscout.com/photos/team/public/158_120x120.png"
1685,"Boavista","63","https://cdn5.wyscout.com/photos/team/public/166_120x120.png"
1704,"Chaves","63","https://cdn5.wyscout.com/photos/team/public/1978_120x120.png"
1702,"Desportivo Aves","63","https://cdn5.wyscout.com/photos/team/public/1541_120x120.png"
1705,"Feirense","63","https://cdn5.wyscout.com/photos/team/public/1540_120x120.png"
1684,"Marítimo","63","https://cdn5.wyscout.com/photos/team/public/162_120x120.png"
1687,"Moreirense","63","https://cdn5.wyscout.com/photos/team/public/2599_120x120.png"
1681,"Nacional","63","https://cdn5.wyscout.com/photos/team/public/164_120x120.png"
1710,"Portimonense","63","https://cdn5.wyscout.com/photos/team/public/1537_120x120.png"
1678,"Porto","63","https://cdn5.wyscout.com/photos/team/public/157_120x120.png"
1683,"Rio Ave","63","https://cdn5.wyscout.com/photos/team/public/1261_120x120.png"
1706,"Santa Clara","63","https://cdn5.wyscout.com/photos/team/public/1536_120x120.png"
1682,"Sporting Braga","63","https://cdn5.wyscout.com/photos/team/public/165_120x120.png"
1680,"Sporting CP","63","https://cdn5.wyscout.com/photos/team/public/159_120x120.png"
11833,"Tondela","63","https://cdn5.wyscout.com/photos/team/public/g11833_120x120.png"
1689,"Vitória Guimarães","63","https://cdn5.wyscout.com/photos/team/public/160_120x120.png"
1696,"Vitória Setúbal","63","https://cdn5.wyscout.com/photos/team/public/161_120x120.png"
2348,"Adana Demirspor","97","https://cdn5.wyscout.com/photos/team/public/4240_120x120.png"
2229,"Adanaspor","97","https://cdn5.wyscout.com/photos/team/public/1341_120x120.png"
36655,"Afjet Afyonspor","97","https://cdn5.wyscout.com/photos/team/public/g36655_120x120.png"
2239,"Altay","97","https://cdn5.wyscout.com/photos/team/public/1336_120x120.png"
11704,"Altinordu","97","https://cdn5.wyscout.com/photos/team/public/g11704_120x120.png"
11985,"Balikesirspor","97","https://cdn5.wyscout.com/photos/team/public/g11985_120x120.png"
8604,"Boluspor","97","https://cdn5.wyscout.com/photos/team/public/1346_120x120.png"
2215,"Denizlispor","97","https://cdn5.wyscout.com/photos/team/public/821_120x120.png"
2228,"Elazigspor","97","https://cdn5.wyscout.com/photos/team/public/3931_120x120.png"
2347,"Eskisehirspor","97","https://cdn5.wyscout.com/photos/team/public/1188_120x120.png"
3287,"Gaziantep BB","97","https://cdn5.wyscout.com/photos/team/public/1340_120x120.png"
2219,"Gençlerbirligi","97","https://cdn5.wyscout.com/photos/team/public/825_120x120.png"
6042,"Giresunspor","97","https://cdn5.wyscout.com/photos/team/public/1348_120x120.png"
2883,"Hatayspor","97","https://cdn5.wyscout.com/photos/team/public/g2883_120x120.png"
2226,"Istanbulspor","97","https://cdn5.wyscout.com/photos/team/public/g2226_120x120.png"
2351,"Karabükspor","97","https://cdn5.wyscout.com/photos/team/public/1347_120x120.png"
2232,"Osmanlispor FK","97","https://cdn5.wyscout.com/photos/team/public/824_120x120.png"
19664,"Ümraniyespor","97","https://cdn5.wyscout.com/photos/team/public/g19664_120x120.png"
2181,"Aarau","99","https://cdn5.wyscout.com/photos/team/public/583_120x120.png"
2185,"Chiasso","99","https://cdn5.wyscout.com/photos/team/public/3811_120x120.png"
2184,"FC Schaffhausen","99","https://cdn5.wyscout.com/photos/team/public/1155_120x120.png"
2192,"Kriens","99","https://cdn5.wyscout.com/photos/team/public/2668_120x120.png"
2952,"Lausanne Sport","99","https://cdn5.wyscout.com/photos/team/public/1146_120x120.png"
8785,"Rapperswil-Jona","99","https://cdn5.wyscout.com/photos/team/public/g8785_120x120.png"
2176,"Servette","99","https://cdn5.wyscout.com/photos/team/public/1154_120x120.png"
7903,"Vaduz","99","https://cdn5.wyscout.com/photos/team/public/1142_120x120.png"
2183,"Wil","99","https://cdn5.wyscout.com/photos/team/public/1149_120x120.png"
2198,"Winterthur","99","https://cdn5.wyscout.com/photos/team/public/1148_120x120.png"
